fide_id,name,federation,world_rank_active_players,date,standard,rapid,blitz
1503014,Magnus Carlsen,NO,1,Feb 2025,2833,2819,2883
1503014,Magnus Carlsen,NO,1,Jan 2025,2831,2819,2889
1503014,Magnus Carlsen,NO,1,Dec 2024,2831,2838,2890
1503014,Magnus Carlsen,NO,1,Nov 2024,2831,2825,2893
1503014,Magnus Carlsen,NO,1,Oct 2024,2831,2834,2888
1503014,Magnus Carlsen,NO,1,Sep 2024,2832,2834,2888
1503014,Magnus Carlsen,NO,1,Aug 2024,2832,2827,2888
1503014,Magnus Carlsen,NO,1,Jul 2024,2832,2827,2888
1503014,Magnus Carlsen,NO,1,Jun 2024,2830,2827,2888
1503014,Magnus Carlsen,NO,1,May 2024,2830,2828,2886
1503014,Magnus Carlsen,NO,1,Apr 2024,2830,2823,2886
1503014,Magnus Carlsen,NO,1,Mar 2024,2830,2823,2886
1503014,Magnus Carlsen,NO,1,Feb 2024,2830,2823,2886
1503014,Magnus Carlsen,NO,1,Jan 2024,2830,2823,2886
1503014,Magnus Carlsen,NO,1,Dec 2023,2830,2818,2887
1503014,Magnus Carlsen,NO,1,Nov 2023,2829,2818,2887
1503014,Magnus Carlsen,NO,1,Oct 2023,2839,2818,2887
1503014,Magnus Carlsen,NO,1,Sep 2023,2839,2818,2887
1503014,Magnus Carlsen,NO,1,Aug 2023,2835,2825,2887
1503014,Magnus Carlsen,NO,1,Jul 2023,2835,2829,2858
1503014,Magnus Carlsen,NO,1,Jun 2023,2853,2829,2858
1503014,Magnus Carlsen,NO,1,May 2023,2853,2839,2852
1503014,Magnus Carlsen,NO,1,Apr 2023,2853,2839,2852
1503014,Magnus Carlsen,NO,1,Mar 2023,2852,2839,2852
1503014,Magnus Carlsen,NO,1,Feb 2023,2852,2839,2852
1503014,Magnus Carlsen,NO,1,Jan 2023,2859,2839,2852
1503014,Magnus Carlsen,NO,1,Dec 2022,2859,2834,2830
1503014,Magnus Carlsen,NO,1,Nov 2022,2859,2834,2830
1503014,Magnus Carlsen,NO,1,Oct 2022,2856,2834,2830
1503014,Magnus Carlsen,NO,1,Sep 2022,2861,2834,2830
1503014,Magnus Carlsen,NO,1,Aug 2022,2864,2834,2830
1503014,Magnus Carlsen,NO,1,Jul 2022,2864,2847,2828
1503014,Magnus Carlsen,NO,1,Jun 2022,2864,2847,2832
1503014,Magnus Carlsen,NO,1,May 2022,2864,2847,2832
1503014,Magnus Carlsen,NO,1,Apr 2022,2864,2847,2832
1503014,Magnus Carlsen,NO,1,Mar 2022,2864,2847,2832
1503014,Magnus Carlsen,NO,1,Feb 2022,2865,2847,2832
1503014,Magnus Carlsen,NO,1,Jan 2022,2865,2847,2832
1503014,Magnus Carlsen,NO,1,Dec 2021,2856,2842,2890
1503014,Magnus Carlsen,NO,1,Nov 2021,2855,2842,2890
1503014,Magnus Carlsen,NO,1,Oct 2021,2855,2842,2890
1503014,Magnus Carlsen,NO,1,Sep 2021,2855,2842,2890
1503014,Magnus Carlsen,NO,1,Aug 2021,2847,2881,2884
1503014,Magnus Carlsen,NO,1,Jul 2021,2847,2881,2884
1503014,Magnus Carlsen,NO,1,Jun 2021,2847,2881,2884
1503014,Magnus Carlsen,NO,1,May 2021,2847,2881,2884
1503014,Magnus Carlsen,NO,1,Apr 2021,2847,2881,2884
1503014,Magnus Carlsen,NO,1,Mar 2021,2847,2881,2884
1503014,Magnus Carlsen,NO,1,Feb 2021,2862,2881,2884
1503014,Magnus Carlsen,NO,1,Jan 2021,2862,2881,2884
1503014,Magnus Carlsen,NO,1,Dec 2020,2862,2881,2884
1503014,Magnus Carlsen,NO,1,Nov 2020,2862,2881,2884
1503014,Magnus Carlsen,NO,1,Oct 2020,2863,2881,2884
1503014,Magnus Carlsen,NO,1,Sep 2020,2863,2881,2884
1503014,Magnus Carlsen,NO,1,Aug 2020,2863,2881,2884
1503014,Magnus Carlsen,NO,1,Jul 2020,2863,2881,2884
1503014,Magnus Carlsen,NO,1,Jun 2020,2863,2881,2884
1503014,Magnus Carlsen,NO,1,May 2020,2863,2881,2884
1503014,Magnus Carlsen,NO,1,Apr 2020,2863,2881,2884
1503014,Magnus Carlsen,NO,1,Mar 2020,2862,2881,2884
1503014,Magnus Carlsen,NO,1,Feb 2020,2862,2881,2884
1503014,Magnus Carlsen,NO,1,Jan 2020,2872,2881,2884
1503014,Magnus Carlsen,NO,1,Dec 2019,2872,2886,2865
1503014,Magnus Carlsen,NO,1,Nov 2019,2870,2849,2828
1503014,Magnus Carlsen,NO,1,Oct 2019,2876,2849,2828
1503014,Magnus Carlsen,NO,1,Sep 2019,2876,2849,2828
1503014,Magnus Carlsen,NO,1,Aug 2019,2882,2895,2920
1503014,Magnus Carlsen,NO,1,Jul 2019,2872,2895,2920
1503014,Magnus Carlsen,NO,1,Jun 2019,2875,2895,2923
1503014,Magnus Carlsen,NO,1,May 2019,2861,2869,2954
1503014,Magnus Carlsen,NO,1,Apr 2019,2845,2869,2954
1503014,Magnus Carlsen,NO,1,Mar 2019,2845,2869,2954
1503014,Magnus Carlsen,NO,1,Feb 2019,2845,2869,2954
1503014,Magnus Carlsen,NO,1,Jan 2019,2835,2869,2954
1503014,Magnus Carlsen,NO,1,Dec 2018,2835,2903,2939
1503014,Magnus Carlsen,NO,1,Nov 2018,2835,2880,2939
1503014,Magnus Carlsen,NO,1,Oct 2018,2839,2880,2939
1503014,Magnus Carlsen,NO,1,Sep 2018,2839,2880,2939
1503014,Magnus Carlsen,NO,1,Aug 2018,2842,2880,2939
1503014,Magnus Carlsen,NO,1,Jul 2018,2842,2880,2939
1503014,Magnus Carlsen,NO,1,Jun 2018,2843,2880,2939
1503014,Magnus Carlsen,NO,1,May 2018,2843,2880,2965
1503014,Magnus Carlsen,NO,1,Apr 2018,2843,2880,2965
1503014,Magnus Carlsen,NO,1,Mar 2018,2843,2880,2965
1503014,Magnus Carlsen,NO,1,Feb 2018,2843,2880,2965
1503014,Magnus Carlsen,NO,1,Jan 2018,2834,2880,2965
1503014,Magnus Carlsen,NO,1,Dec 2017,2837,2908,2986
1503014,Magnus Carlsen,NO,1,Nov 2017,2837,2909,2948
1503014,Magnus Carlsen,NO,1,Oct 2017,2826,2909,2948
1503014,Magnus Carlsen,NO,1,Sep 2017,2827,2909,2948
1503014,Magnus Carlsen,NO,1,Aug 2017,2822,2909,2948
1503014,Magnus Carlsen,NO,1,Jul 2017,2822,2919,2899
1503014,Magnus Carlsen,NO,1,Jun 2017,2832,2896,2914
1503014,Magnus Carlsen,NO,1,May 2017,2832,2896,2914
1503014,Magnus Carlsen,NO,1,Apr 2017,2838,2896,2914
1503014,Magnus Carlsen,NO,1,Mar 2017,2838,2896,2914
1503014,Magnus Carlsen,NO,1,Feb 2017,2838,2896,2914
1503014,Magnus Carlsen,NO,1,Jan 2017,2840,2896,2914
1503014,Magnus Carlsen,NO,1,Dec 2016,2840,2906,2873
1503014,Magnus Carlsen,NO,1,Nov 2016,2853,2894,2873
1503014,Magnus Carlsen,NO,1,Oct 2016,2853,2894,2873
1503014,Magnus Carlsen,NO,1,Sep 2016,2857,2894,2873
1503014,Magnus Carlsen,NO,1,Aug 2016,2857,2894,2873
1503014,Magnus Carlsen,NO,1,Jul 2016,2855,2894,2873
1503014,Magnus Carlsen,NO,1,Jun 2016,2855,2878,2915
1503014,Magnus Carlsen,NO,1,May 2016,2851,2878,2915
1503014,Magnus Carlsen,NO,1,Apr 2016,2851,2878,2890
1503014,Magnus Carlsen,NO,1,Mar 2016,2851,2878,2890
1503014,Magnus Carlsen,NO,1,Feb 2016,2844,2878,2890
1503014,Magnus Carlsen,NO,1,Jan 2016,2844,2878,2890
1503014,Magnus Carlsen,NO,1,Dec 2015,2834,2873,2878
1503014,Magnus Carlsen,NO,1,Nov 2015,2850,2873,2878
1503014,Magnus Carlsen,NO,1,Oct 2015,2850,2847,2914
1503014,Magnus Carlsen,NO,1,Sep 2015,2853,2847,2914
1503014,Magnus Carlsen,NO,1,Aug 2015,2853,2847,2914
1503014,Magnus Carlsen,NO,1,Jul 2015,2853,2847,2914
1503014,Magnus Carlsen,NO,1,Jun 2015,2876,2847,2933
1503014,Magnus Carlsen,NO,1,May 2015,2876,2847,2933
1503014,Magnus Carlsen,NO,1,Apr 2015,2863,2847,2933
1503014,Magnus Carlsen,NO,1,Mar 2015,2863,2855,2948
1503014,Magnus Carlsen,NO,1,Feb 2015,2865,2855,2948
1503014,Magnus Carlsen,NO,1,Jan 2015,2862,2855,2948
1503014,Magnus Carlsen,NO,1,Dec 2014,2862,2855,2948
1503014,Magnus Carlsen,NO,1,Nov 2014,2863,2855,2948
1503014,Magnus Carlsen,NO,1,Oct 2014,2863,2855,2948
1503014,Magnus Carlsen,NO,1,Sep 2014,2870,2855,2948
1503014,Magnus Carlsen,NO,1,Aug 2014,2877,2855,2948
1503014,Magnus Carlsen,NO,1,Jul 2014,2877,2855,2948
1503014,Magnus Carlsen,NO,1,Jun 2014,2881,2827,2837
1503014,Magnus Carlsen,NO,1,May 2014,2882,2827,2837
1503014,Magnus Carlsen,NO,1,Apr 2014,2881,2827,2837
1503014,Magnus Carlsen,NO,1,Mar 2014,2881,2827,2837
1503014,Magnus Carlsen,NO,1,Feb 2014,2872,2845,2837
1503014,Magnus Carlsen,NO,1,Jan 2014,2872,2845,2837
1503014,Magnus Carlsen,NO,1,Dec 2013,2872,2845,2837
1503014,Magnus Carlsen,NO,1,Nov 2013,2870,2845,2837
1503014,Magnus Carlsen,NO,1,Oct 2013,2870,2845,2837
1503014,Magnus Carlsen,NO,1,Sep 2013,2862,2845,2837
1503014,Magnus Carlsen,NO,1,Aug 2013,2862,2845,2837
1503014,Magnus Carlsen,NO,1,Jul 2013,2862,2845,2837
1503014,Magnus Carlsen,NO,1,Jun 2013,2864,2845,2856
1503014,Magnus Carlsen,NO,1,May 2013,2868,2845,2856
1503014,Magnus Carlsen,NO,1,Apr 2013,2872,2845,2856
1503014,Magnus Carlsen,NO,1,Mar 2013,2872,2845,2856
1503014,Magnus Carlsen,NO,1,Feb 2013,2872,2845,2856
1503014,Magnus Carlsen,NO,1,Jan 2013,2861,2845,2856
1503014,Magnus Carlsen,NO,1,Dec 2012,2848,2845,2856
1503014,Magnus Carlsen,NO,1,Nov 2012,2848,2845,2856
1503014,Magnus Carlsen,NO,1,Oct 2012,2843,2845,2856
1503014,Magnus Carlsen,NO,1,Sep 2012,2843,2845,2856
1503014,Magnus Carlsen,NO,1,Aug 2012,2837,2845,2856
1503014,Magnus Carlsen,NO,1,Jul 2012,2837,2837,2837
1503014,Magnus Carlsen,NO,1,May 2012,2835,,
1503014,Magnus Carlsen,NO,1,Mar 2012,2835,,
1503014,Magnus Carlsen,NO,1,Jan 2012,2835,,
1503014,Magnus Carlsen,NO,1,Nov 2011,2826,,
1503014,Magnus Carlsen,NO,1,Sep 2011,2823,,
1503014,Magnus Carlsen,NO,1,Jul 2011,2821,,
1503014,Magnus Carlsen,NO,1,May 2011,2815,,
1503014,Magnus Carlsen,NO,1,Mar 2011,2815,,
1503014,Magnus Carlsen,NO,1,Jan 2011,2814,,
1503014,Magnus Carlsen,NO,1,Nov 2010,2802,,
1503014,Magnus Carlsen,NO,1,Sep 2010,2826,,
1503014,Magnus Carlsen,NO,1,Jul 2010,2826,,
1503014,Magnus Carlsen,NO,1,May 2010,2813,,
1503014,Magnus Carlsen,NO,1,Mar 2010,2813,,
1503014,Magnus Carlsen,NO,1,Jan 2010,2810,,
1503014,Magnus Carlsen,NO,1,Nov 2009,2801,,
1503014,Magnus Carlsen,NO,1,Sep 2009,2772,,
1503014,Magnus Carlsen,NO,1,Jul 2009,2772,,
1503014,Magnus Carlsen,NO,1,Apr 2009,2770,,
1503014,Magnus Carlsen,NO,1,Jan 2009,2776,,
1503014,Magnus Carlsen,NO,1,Oct 2008,2786,,
1503014,Magnus Carlsen,NO,1,Jul 2008,2775,,
1503014,Magnus Carlsen,NO,1,Apr 2008,2765,,
1503014,Magnus Carlsen,NO,1,Jan 2008,2733,,
1503014,Magnus Carlsen,NO,1,Oct 2007,2714,,
1503014,Magnus Carlsen,NO,1,Jul 2007,2710,,
1503014,Magnus Carlsen,NO,1,Apr 2007,2693,,
1503014,Magnus Carlsen,NO,1,Jan 2007,2690,,
1503014,Magnus Carlsen,NO,1,Oct 2006,2698,,
1503014,Magnus Carlsen,NO,1,Jul 2006,2675,,
1503014,Magnus Carlsen,NO,1,Apr 2006,2646,,
1503014,Magnus Carlsen,NO,1,Jan 2006,2625,,
1503014,Magnus Carlsen,NO,1,Oct 2005,2570,,
1503014,Magnus Carlsen,NO,1,Jul 2005,2528,,
1503014,Magnus Carlsen,NO,1,Apr 2005,2548,,
1503014,Magnus Carlsen,NO,1,Jan 2005,2553,,
1503014,Magnus Carlsen,NO,1,Oct 2004,2581,,
1503014,Magnus Carlsen,NO,1,Jul 2004,2567,,
1503014,Magnus Carlsen,NO,1,Apr 2004,2552,,
1503014,Magnus Carlsen,NO,1,Jan 2004,2484,,
1503014,Magnus Carlsen,NO,1,Oct 2003,2450,,
1503014,Magnus Carlsen,NO,1,Jul 2003,2385,,
1503014,Magnus Carlsen,NO,1,Apr 2003,2356,,
1503014,Magnus Carlsen,NO,1,Jan 2003,2279,,
1503014,Magnus Carlsen,NO,1,Oct 2002,2250,,
1503014,Magnus Carlsen,NO,1,Jul 2002,2214,,
1503014,Magnus Carlsen,NO,1,Apr 2002,2163,,
1503014,Magnus Carlsen,NO,1,Jan 2002,2127,,
1503014,Magnus Carlsen,NO,1,Oct 2001,2072,,
1503014,Magnus Carlsen,NO,1,Jul 2001,2084,,
1503014,Magnus Carlsen,NO,1,Apr 2001,2064,,
2020009,Fabiano Caruana,US,2,Feb 2025,2803,2756,2769
2020009,Fabiano Caruana,US,2,Jan 2025,2803,2756,2780
2020009,Fabiano Caruana,US,2,Dec 2024,2805,2766,2796
2020009,Fabiano Caruana,US,2,Nov 2024,2805,2766,2796
2020009,Fabiano Caruana,US,2,Oct 2024,2796,2766,2796
2020009,Fabiano Caruana,US,2,Sep 2024,2798,2766,2796
2020009,Fabiano Caruana,US,2,Aug 2024,2793,2777,2795
2020009,Fabiano Caruana,US,2,Jul 2024,2796,2738,2777
2020009,Fabiano Caruana,US,2,Jun 2024,2805,2738,2777
2020009,Fabiano Caruana,US,2,May 2024,2805,2738,2777
2020009,Fabiano Caruana,US,2,Apr 2024,2803,2738,2777
2020009,Fabiano Caruana,US,2,Mar 2024,2804,2722,2770
2020009,Fabiano Caruana,US,2,Feb 2024,2804,2729,2790
2020009,Fabiano Caruana,US,2,Jan 2024,2804,2729,2790
2020009,Fabiano Caruana,US,2,Dec 2023,2794,2762,2815
2020009,Fabiano Caruana,US,2,Nov 2023,2795,2765,2813
2020009,Fabiano Caruana,US,2,Oct 2023,2786,2765,2813
2020009,Fabiano Caruana,US,2,Sep 2023,2786,2765,2813
2020009,Fabiano Caruana,US,2,Aug 2023,2782,2763,2813
2020009,Fabiano Caruana,US,2,Jul 2023,2782,2752,2832
2020009,Fabiano Caruana,US,2,Jun 2023,2773,2752,2832
2020009,Fabiano Caruana,US,2,May 2023,2764,2752,2837
2020009,Fabiano Caruana,US,2,Apr 2023,2764,2752,2837
2020009,Fabiano Caruana,US,2,Mar 2023,2766,2758,2818
2020009,Fabiano Caruana,US,2,Feb 2023,2766,2758,2818
2020009,Fabiano Caruana,US,2,Jan 2023,2766,2758,2818
2020009,Fabiano Caruana,US,2,Dec 2022,2766,2747,2847
2020009,Fabiano Caruana,US,2,Nov 2022,2766,2747,2847
2020009,Fabiano Caruana,US,2,Oct 2022,2763,2747,2847
2020009,Fabiano Caruana,US,2,Sep 2022,2758,2747,2847
2020009,Fabiano Caruana,US,2,Aug 2022,2776,2766,2847
2020009,Fabiano Caruana,US,2,Jul 2022,2783,2766,2847
2020009,Fabiano Caruana,US,2,Jun 2022,2783,2766,2847
2020009,Fabiano Caruana,US,2,May 2022,2786,2790,2745
2020009,Fabiano Caruana,US,2,Apr 2022,2781,2784,2745
2020009,Fabiano Caruana,US,2,Mar 2022,2781,2784,2745
2020009,Fabiano Caruana,US,2,Feb 2022,2792,2784,2745
2020009,Fabiano Caruana,US,2,Jan 2022,2792,2784,2745
2020009,Fabiano Caruana,US,2,Dec 2021,2792,2770,2803
2020009,Fabiano Caruana,US,2,Nov 2021,2791,2770,2765
2020009,Fabiano Caruana,US,2,Oct 2021,2800,2775,2765
2020009,Fabiano Caruana,US,2,Sep 2021,2800,2775,2765
2020009,Fabiano Caruana,US,2,Aug 2021,2806,2758,2734
2020009,Fabiano Caruana,US,2,Jul 2021,2806,2758,2734
2020009,Fabiano Caruana,US,2,Jun 2021,2820,2773,2711
2020009,Fabiano Caruana,US,2,May 2021,2820,2773,2711
2020009,Fabiano Caruana,US,2,Apr 2021,2820,2773,2711
2020009,Fabiano Caruana,US,2,Mar 2021,2820,2773,2711
2020009,Fabiano Caruana,US,2,Feb 2021,2823,2773,2711
2020009,Fabiano Caruana,US,2,Jan 2021,2823,2773,2711
2020009,Fabiano Caruana,US,2,Dec 2020,2823,2773,2711
2020009,Fabiano Caruana,US,2,Nov 2020,2823,2773,2711
2020009,Fabiano Caruana,US,2,Oct 2020,2828,2773,2711
2020009,Fabiano Caruana,US,2,Sep 2020,2835,2773,2711
2020009,Fabiano Caruana,US,2,Aug 2020,2835,2773,2711
2020009,Fabiano Caruana,US,2,Jul 2020,2835,2773,2711
2020009,Fabiano Caruana,US,2,Jun 2020,2835,2773,2711
2020009,Fabiano Caruana,US,2,May 2020,2835,2773,2711
2020009,Fabiano Caruana,US,2,Apr 2020,2835,2773,2711
2020009,Fabiano Caruana,US,2,Mar 2020,2842,2773,2711
2020009,Fabiano Caruana,US,2,Feb 2020,2842,2773,2711
2020009,Fabiano Caruana,US,2,Jan 2020,2822,2773,2711
2020009,Fabiano Caruana,US,2,Dec 2019,2822,2773,2711
2020009,Fabiano Caruana,US,2,Nov 2019,2822,2791,2774
2020009,Fabiano Caruana,US,2,Oct 2019,2812,2791,2774
2020009,Fabiano Caruana,US,2,Sep 2019,2812,2791,2774
2020009,Fabiano Caruana,US,2,Aug 2019,2818,2807,2772
2020009,Fabiano Caruana,US,2,Jul 2019,2819,2817,2772
2020009,Fabiano Caruana,US,2,Jun 2019,2819,2817,2804
2020009,Fabiano Caruana,US,2,May 2019,2816,2813,2804
2020009,Fabiano Caruana,US,2,Apr 2019,2819,2813,2804
2020009,Fabiano Caruana,US,2,Mar 2019,2828,2813,2806
2020009,Fabiano Caruana,US,2,Feb 2019,2828,2772,2770
2020009,Fabiano Caruana,US,2,Jan 2019,2828,2772,2770
2020009,Fabiano Caruana,US,2,Dec 2018,2832,2766,2767
2020009,Fabiano Caruana,US,2,Nov 2018,2832,2789,2767
2020009,Fabiano Caruana,US,2,Oct 2018,2827,2789,2767
2020009,Fabiano Caruana,US,2,Sep 2018,2827,2789,2767
2020009,Fabiano Caruana,US,2,Aug 2018,2822,2738,2709
2020009,Fabiano Caruana,US,2,Jul 2018,2822,2738,2709
2020009,Fabiano Caruana,US,2,Jun 2018,2816,2753,2818
2020009,Fabiano Caruana,US,2,May 2018,2822,2753,2814
2020009,Fabiano Caruana,US,2,Apr 2018,2804,2753,2814
2020009,Fabiano Caruana,US,2,Mar 2018,2784,2753,2814
2020009,Fabiano Caruana,US,2,Feb 2018,2784,2753,2814
2020009,Fabiano Caruana,US,2,Jan 2018,2811,2753,2814
2020009,Fabiano Caruana,US,2,Dec 2017,2799,2751,2804
2020009,Fabiano Caruana,US,2,Nov 2017,2799,2735,2728
2020009,Fabiano Caruana,US,2,Oct 2017,2794,2735,2728
2020009,Fabiano Caruana,US,2,Sep 2017,2799,2741,2728
2020009,Fabiano Caruana,US,2,Aug 2017,2807,2700,2806
2020009,Fabiano Caruana,US,2,Jul 2017,2807,2700,2806
2020009,Fabiano Caruana,US,2,Jun 2017,2808,2752,2800
2020009,Fabiano Caruana,US,2,May 2017,2802,2752,2800
2020009,Fabiano Caruana,US,2,Apr 2017,2817,2752,2800
2020009,Fabiano Caruana,US,2,Mar 2017,2817,2752,2800
2020009,Fabiano Caruana,US,2,Feb 2017,2827,2752,2800
2020009,Fabiano Caruana,US,2,Jan 2017,2827,2752,2800
2020009,Fabiano Caruana,US,2,Dec 2016,2823,2752,2800
2020009,Fabiano Caruana,US,2,Nov 2016,2823,2752,2800
2020009,Fabiano Caruana,US,2,Oct 2016,2813,2752,2800
2020009,Fabiano Caruana,US,2,Sep 2016,2808,2752,2800
2020009,Fabiano Caruana,US,2,Aug 2016,2807,2752,2800
2020009,Fabiano Caruana,US,2,Jul 2016,2810,2752,2800
2020009,Fabiano Caruana,US,2,Jun 2016,2804,2829,2665
2020009,Fabiano Caruana,US,2,May 2016,2804,2829,2665
2020009,Fabiano Caruana,US,2,Apr 2016,2795,2829,2665
2020009,Fabiano Caruana,US,2,Mar 2016,2794,2829,2665
2020009,Fabiano Caruana,US,2,Feb 2016,2787,2829,2665
2020009,Fabiano Caruana,US,2,Jan 2016,2787,2829,2665
2020009,Fabiano Caruana,US,2,Dec 2015,2787,2829,2665
2020009,Fabiano Caruana,US,2,Nov 2015,2787,2829,2665
2020009,Fabiano Caruana,US,2,Oct 2015,2796,2829,2665
2020009,Fabiano Caruana,US,2,Sep 2015,2808,2829,2665
2020009,Fabiano Caruana,US,2,Aug 2015,2808,2829,2665
2020009,Fabiano Caruana,US,2,Jul 2015,2797,2829,2665
2020009,Fabiano Caruana,US,2,Jun 2015,2805,2829,2679
2020009,Fabiano Caruana,US,2,May 2015,2803,2829,2679
2020009,Fabiano Caruana,US,2,Apr 2015,2802,2829,2679
2020009,Fabiano Caruana,US,2,Mar 2015,2802,2829,2679
2020009,Fabiano Caruana,US,2,Feb 2015,2811,2856,2679
2020009,Fabiano Caruana,US,2,Jan 2015,2820,2856,2679
2020009,Fabiano Caruana,US,2,Dec 2014,2829,2858,2695
2020009,Fabiano Caruana,US,2,Nov 2014,2839,2858,2695
2020009,Fabiano Caruana,US,2,Oct 2014,2844,2858,2695
2020009,Fabiano Caruana,US,2,Sep 2014,2801,2858,2695
2020009,Fabiano Caruana,US,2,Aug 2014,2801,2858,2695
2020009,Fabiano Caruana,US,2,Jul 2014,2789,2858,2695
2020009,Fabiano Caruana,US,2,Jun 2014,2791,2840,2697
2020009,Fabiano Caruana,US,2,May 2014,2783,2840,2697
2020009,Fabiano Caruana,US,2,Apr 2014,2783,2840,2697
2020009,Fabiano Caruana,US,2,Mar 2014,2783,2840,2697
2020009,Fabiano Caruana,US,2,Feb 2014,2781,2812,2697
2020009,Fabiano Caruana,US,2,Jan 2014,2782,2812,2697
2020009,Fabiano Caruana,US,2,Dec 2013,2782,2783,2697
2020009,Fabiano Caruana,US,2,Nov 2013,2782,2783,2697
2020009,Fabiano Caruana,US,2,Oct 2013,2779,2783,2697
2020009,Fabiano Caruana,US,2,Sep 2013,2779,2779,2697
2020009,Fabiano Caruana,US,2,Aug 2013,2796,,2697
2020009,Fabiano Caruana,US,2,Jul 2013,2796,,2697
2020009,Fabiano Caruana,US,2,Jun 2013,2774,,2718
2020009,Fabiano Caruana,US,2,May 2013,2774,,2718
2020009,Fabiano Caruana,US,2,Apr 2013,2772,,2718
2020009,Fabiano Caruana,US,2,Mar 2013,2760,,2718
2020009,Fabiano Caruana,US,2,Feb 2013,2757,,2718
2020009,Fabiano Caruana,US,2,Jan 2013,2781,,2718
2020009,Fabiano Caruana,US,2,Dec 2012,2782,,2718
2020009,Fabiano Caruana,US,2,Nov 2012,2786,,2718
2020009,Fabiano Caruana,US,2,Oct 2012,2772,,2718
2020009,Fabiano Caruana,US,2,Sep 2012,2773,,2718
2020009,Fabiano Caruana,US,2,Aug 2012,2773,,2718
2020009,Fabiano Caruana,US,2,Jul 2012,2775,,2775
2020009,Fabiano Caruana,US,2,May 2012,2770,,
2020009,Fabiano Caruana,US,2,Mar 2012,2767,,
2020009,Fabiano Caruana,US,2,Jan 2012,2736,,
2020009,Fabiano Caruana,US,2,Nov 2011,2727,,
2020009,Fabiano Caruana,US,2,Sep 2011,2712,,
2020009,Fabiano Caruana,US,2,Jul 2011,2711,,
2020009,Fabiano Caruana,US,2,May 2011,2714,,
2020009,Fabiano Caruana,US,2,Mar 2011,2716,,
2020009,Fabiano Caruana,US,2,Jan 2011,2721,,
2020009,Fabiano Caruana,US,2,Nov 2010,2709,,
2020009,Fabiano Caruana,US,2,Sep 2010,2700,,
2020009,Fabiano Caruana,US,2,Jul 2010,2697,,
2020009,Fabiano Caruana,US,2,May 2010,2675,,
2020009,Fabiano Caruana,US,2,Mar 2010,2680,,
2020009,Fabiano Caruana,US,2,Jan 2010,2675,,
2020009,Fabiano Caruana,US,2,Nov 2009,2652,,
2020009,Fabiano Caruana,US,2,Sep 2009,2662,,
2020009,Fabiano Caruana,US,2,Jul 2009,2670,,
2020009,Fabiano Caruana,US,2,Apr 2009,2649,,
2020009,Fabiano Caruana,US,2,Jan 2009,2646,,
2020009,Fabiano Caruana,US,2,Oct 2008,2640,,
2020009,Fabiano Caruana,US,2,Jul 2008,2630,,
2020009,Fabiano Caruana,US,2,Apr 2008,2620,,
2020009,Fabiano Caruana,US,2,Jan 2008,2598,,
2020009,Fabiano Caruana,US,2,Oct 2007,2594,,
2020009,Fabiano Caruana,US,2,Jul 2007,2549,,
2020009,Fabiano Caruana,US,2,Apr 2007,2513,,
2020009,Fabiano Caruana,US,2,Jan 2007,2492,,
2020009,Fabiano Caruana,US,2,Oct 2006,2474,,
2020009,Fabiano Caruana,US,2,Jul 2006,2444,,
2020009,Fabiano Caruana,US,2,Apr 2006,2426,,
2020009,Fabiano Caruana,US,2,Jan 2006,2409,,
2020009,Fabiano Caruana,US,2,Oct 2005,2373,,
2020009,Fabiano Caruana,US,2,Jul 2005,2381,,
2020009,Fabiano Caruana,US,2,Apr 2005,2255,,
2020009,Fabiano Caruana,US,2,Jan 2005,2219,,
2020009,Fabiano Caruana,US,2,Oct 2004,2196,,
2020009,Fabiano Caruana,US,2,Jul 2004,2169,,
2020009,Fabiano Caruana,US,2,Apr 2004,2140,,
2020009,Fabiano Caruana,US,2,Jan 2004,2122,,
2020009,Fabiano Caruana,US,2,Oct 2003,2137,,
2020009,Fabiano Caruana,US,2,Jul 2003,2160,,
2020009,Fabiano Caruana,US,2,Apr 2003,2165,,
2020009,Fabiano Caruana,US,2,Jan 2003,2134,,
2020009,Fabiano Caruana,US,2,Oct 2002,2102,,
2020009,Fabiano Caruana,US,2,Jul 2002,2040,,
2020009,Fabiano Caruana,US,2,Apr 2002,2026,,
2020009,Fabiano Caruana,US,2,Jan 2002,2032,,
2016192,Hikaru Nakamura,US,3,Feb 2025,2802,2734,2838
2016192,Hikaru Nakamura,US,3,Jan 2025,2802,2734,2838
2016192,Hikaru Nakamura,US,3,Dec 2024,2802,2755,2860
2016192,Hikaru Nakamura,US,3,Nov 2024,2802,2755,2860
2016192,Hikaru Nakamura,US,3,Oct 2024,2802,2744,2860
2016192,Hikaru Nakamura,US,3,Sep 2024,2802,2744,2860
2016192,Hikaru Nakamura,US,3,Aug 2024,2802,2746,2874
2016192,Hikaru Nakamura,US,3,Jul 2024,2802,2746,2874
2016192,Hikaru Nakamura,US,3,Jun 2024,2794,2746,2874
2016192,Hikaru Nakamura,US,3,May 2024,2794,2746,2874
2016192,Hikaru Nakamura,US,3,Apr 2024,2789,2746,2874
2016192,Hikaru Nakamura,US,3,Mar 2024,2789,2746,2874
2016192,Hikaru Nakamura,US,3,Feb 2024,2788,2746,2874
2016192,Hikaru Nakamura,US,3,Jan 2024,2788,2746,2874
2016192,Hikaru Nakamura,US,3,Dec 2023,2788,2731,2874
2016192,Hikaru Nakamura,US,3,Nov 2023,2778,2731,2874
2016192,Hikaru Nakamura,US,3,Oct 2023,2780,2731,2874
2016192,Hikaru Nakamura,US,3,Sep 2023,2780,2731,2874
2016192,Hikaru Nakamura,US,3,Aug 2023,2787,2748,2874
2016192,Hikaru Nakamura,US,3,Jul 2023,2787,2748,2874
2016192,Hikaru Nakamura,US,3,Jun 2023,2775,2748,2874
2016192,Hikaru Nakamura,US,3,May 2023,2775,2748,2885
2016192,Hikaru Nakamura,US,3,Apr 2023,2775,2748,2885
2016192,Hikaru Nakamura,US,3,Mar 2023,2768,2750,2879
2016192,Hikaru Nakamura,US,3,Feb 2023,2768,2750,2879
2016192,Hikaru Nakamura,US,3,Jan 2023,2768,2750,2879
2016192,Hikaru Nakamura,US,3,Dec 2022,2768,2795,2909
2016192,Hikaru Nakamura,US,3,Nov 2022,2768,2789,2909
2016192,Hikaru Nakamura,US,3,Oct 2022,2768,2789,2909
2016192,Hikaru Nakamura,US,3,Sep 2022,2768,2789,2850
2016192,Hikaru Nakamura,US,3,Aug 2022,2768,2837,2850
2016192,Hikaru Nakamura,US,3,Jul 2022,2760,2837,2850
2016192,Hikaru Nakamura,US,3,Jun 2022,2760,2837,2850
2016192,Hikaru Nakamura,US,3,May 2022,2760,2837,2850
2016192,Hikaru Nakamura,US,3,Apr 2022,2750,2837,2850
2016192,Hikaru Nakamura,US,3,Mar 2022,2750,2837,2850
2016192,Hikaru Nakamura,US,3,Feb 2022,2736,2823,2850
2016192,Hikaru Nakamura,US,3,Jan 2022,2736,2823,2850
2016192,Hikaru Nakamura,US,3,Dec 2021,2736,2836,2884
2016192,Hikaru Nakamura,US,3,Nov 2021,2736,2836,2884
2016192,Hikaru Nakamura,US,3,Oct 2021,2736,2836,2884
2016192,Hikaru Nakamura,US,3,Sep 2021,2736,2836,2884
2016192,Hikaru Nakamura,US,3,Aug 2021,2736,2829,2900
2016192,Hikaru Nakamura,US,3,Jul 2021,2736,2829,2900
2016192,Hikaru Nakamura,US,3,Jun 2021,2736,2829,2900
2016192,Hikaru Nakamura,US,3,May 2021,2736,2829,2900
2016192,Hikaru Nakamura,US,3,Apr 2021,2736,2829,2900
2016192,Hikaru Nakamura,US,3,Mar 2021,2736,2829,2900
2016192,Hikaru Nakamura,US,3,Feb 2021,2736,2829,2900
2016192,Hikaru Nakamura,US,3,Jan 2021,2736,2829,2900
2016192,Hikaru Nakamura,US,3,Dec 2020,2736,2829,2900
2016192,Hikaru Nakamura,US,3,Nov 2020,2736,2829,2900
2016192,Hikaru Nakamura,US,3,Oct 2020,2736,2829,2900
2016192,Hikaru Nakamura,US,3,Sep 2020,2736,2829,2900
2016192,Hikaru Nakamura,US,3,Aug 2020,2736,2829,2900
2016192,Hikaru Nakamura,US,3,Jul 2020,2736,2829,2900
2016192,Hikaru Nakamura,US,3,Jun 2020,2736,2829,2900
2016192,Hikaru Nakamura,US,3,May 2020,2736,2829,2900
2016192,Hikaru Nakamura,US,3,Apr 2020,2736,2829,2900
2016192,Hikaru Nakamura,US,3,Mar 2020,2736,2829,2900
2016192,Hikaru Nakamura,US,3,Feb 2020,2736,2829,2900
2016192,Hikaru Nakamura,US,3,Jan 2020,2736,2829,2900
2016192,Hikaru Nakamura,US,3,Dec 2019,2736,2819,2885
2016192,Hikaru Nakamura,US,3,Nov 2019,2741,2812,2871
2016192,Hikaru Nakamura,US,3,Oct 2019,2745,2807,2871
2016192,Hikaru Nakamura,US,3,Sep 2019,2745,2807,2871
2016192,Hikaru Nakamura,US,3,Aug 2019,2743,2807,2902
2016192,Hikaru Nakamura,US,3,Jul 2019,2754,2853,2902
2016192,Hikaru Nakamura,US,3,Jun 2019,2754,2853,2902
2016192,Hikaru Nakamura,US,3,May 2019,2761,2824,2934
2016192,Hikaru Nakamura,US,3,Apr 2019,2746,2824,2934
2016192,Hikaru Nakamura,US,3,Mar 2019,2746,2824,2934
2016192,Hikaru Nakamura,US,3,Feb 2019,2749,2845,2894
2016192,Hikaru Nakamura,US,3,Jan 2019,2749,2845,2894
2016192,Hikaru Nakamura,US,3,Dec 2018,2746,2844,2889
2016192,Hikaru Nakamura,US,3,Nov 2018,2746,2844,2893
2016192,Hikaru Nakamura,US,3,Oct 2018,2763,2844,2893
2016192,Hikaru Nakamura,US,3,Sep 2018,2763,2844,2893
2016192,Hikaru Nakamura,US,3,Aug 2018,2777,2824,2913
2016192,Hikaru Nakamura,US,3,Jul 2018,2777,2824,2913
2016192,Hikaru Nakamura,US,3,Jun 2018,2769,2813,2878
2016192,Hikaru Nakamura,US,3,May 2018,2769,2813,2869
2016192,Hikaru Nakamura,US,3,Apr 2018,2787,2813,2869
2016192,Hikaru Nakamura,US,3,Mar 2018,2787,2820,2842
2016192,Hikaru Nakamura,US,3,Feb 2018,2781,2823,2853
2016192,Hikaru Nakamura,US,3,Jan 2018,2781,2823,2853
2016192,Hikaru Nakamura,US,3,Dec 2017,2781,2823,2853
2016192,Hikaru Nakamura,US,3,Nov 2017,2780,2829,2857
2016192,Hikaru Nakamura,US,3,Oct 2017,2774,2829,2857
2016192,Hikaru Nakamura,US,3,Sep 2017,2781,2830,2857
2016192,Hikaru Nakamura,US,3,Aug 2017,2792,2822,2868
2016192,Hikaru Nakamura,US,3,Jul 2017,2792,2822,2868
2016192,Hikaru Nakamura,US,3,Jun 2017,2785,2796,2865
2016192,Hikaru Nakamura,US,3,May 2017,2786,2796,2865
2016192,Hikaru Nakamura,US,3,Apr 2017,2793,2796,2865
2016192,Hikaru Nakamura,US,3,Mar 2017,2793,2796,2865
2016192,Hikaru Nakamura,US,3,Feb 2017,2785,2790,2851
2016192,Hikaru Nakamura,US,3,Jan 2017,2785,2790,2851
2016192,Hikaru Nakamura,US,3,Dec 2016,2779,2839,2842
2016192,Hikaru Nakamura,US,3,Nov 2016,2779,2839,2842
2016192,Hikaru Nakamura,US,3,Oct 2016,2787,2839,2842
2016192,Hikaru Nakamura,US,3,Sep 2016,2789,2839,2842
2016192,Hikaru Nakamura,US,3,Aug 2016,2791,2839,2842
2016192,Hikaru Nakamura,US,3,Jul 2016,2787,2839,2842
2016192,Hikaru Nakamura,US,3,Jun 2016,2787,2846,2883
2016192,Hikaru Nakamura,US,3,May 2016,2787,2846,2883
2016192,Hikaru Nakamura,US,3,Apr 2016,2787,2846,2883
2016192,Hikaru Nakamura,US,3,Mar 2016,2790,2846,2883
2016192,Hikaru Nakamura,US,3,Feb 2016,2787,2842,2884
2016192,Hikaru Nakamura,US,3,Jan 2016,2787,2842,2884
2016192,Hikaru Nakamura,US,3,Dec 2015,2793,2842,2884
2016192,Hikaru Nakamura,US,3,Nov 2015,2793,2842,2884
2016192,Hikaru Nakamura,US,3,Oct 2015,2816,2850,2887
2016192,Hikaru Nakamura,US,3,Sep 2015,2814,2850,2887
2016192,Hikaru Nakamura,US,3,Aug 2015,2814,2850,2887
2016192,Hikaru Nakamura,US,3,Jul 2015,2814,2850,2887
2016192,Hikaru Nakamura,US,3,Jun 2015,2802,2850,2883
2016192,Hikaru Nakamura,US,3,May 2015,2799,2850,2883
2016192,Hikaru Nakamura,US,3,Apr 2015,2798,2850,2883
2016192,Hikaru Nakamura,US,3,Mar 2015,2798,2850,2883
2016192,Hikaru Nakamura,US,3,Feb 2015,2776,2844,2883
2016192,Hikaru Nakamura,US,3,Jan 2015,2776,2844,2883
2016192,Hikaru Nakamura,US,3,Dec 2014,2775,2800,2906
2016192,Hikaru Nakamura,US,3,Nov 2014,2767,2800,2906
2016192,Hikaru Nakamura,US,3,Oct 2014,2764,2800,2906
2016192,Hikaru Nakamura,US,3,Sep 2014,2782,2800,2906
2016192,Hikaru Nakamura,US,3,Aug 2014,2787,2800,2906
2016192,Hikaru Nakamura,US,3,Jul 2014,2787,2800,2906
2016192,Hikaru Nakamura,US,3,Jun 2014,2775,2841,2879
2016192,Hikaru Nakamura,US,3,May 2014,2772,2841,2879
2016192,Hikaru Nakamura,US,3,Apr 2014,2772,2841,2879
2016192,Hikaru Nakamura,US,3,Mar 2014,2772,2841,2879
2016192,Hikaru Nakamura,US,3,Feb 2014,2776,2826,2879
2016192,Hikaru Nakamura,US,3,Jan 2014,2789,2826,2879
2016192,Hikaru Nakamura,US,3,Dec 2013,2786,2812,2879
2016192,Hikaru Nakamura,US,3,Nov 2013,2786,2812,2879
2016192,Hikaru Nakamura,US,3,Oct 2013,2783,2812,2879
2016192,Hikaru Nakamura,US,3,Sep 2013,2772,2812,2879
2016192,Hikaru Nakamura,US,3,Aug 2013,2772,2812,2879
2016192,Hikaru Nakamura,US,3,Jul 2013,2775,2795,2879
2016192,Hikaru Nakamura,US,3,Jun 2013,2784,2795,2844
2016192,Hikaru Nakamura,US,3,May 2013,2775,2795,2844
2016192,Hikaru Nakamura,US,3,Apr 2013,2767,2795,2844
2016192,Hikaru Nakamura,US,3,Mar 2013,2767,2795,2844
2016192,Hikaru Nakamura,US,3,Feb 2013,2767,2795,2844
2016192,Hikaru Nakamura,US,3,Jan 2013,2769,2795,2844
2016192,Hikaru Nakamura,US,3,Dec 2012,2760,2760,2788
2016192,Hikaru Nakamura,US,3,Nov 2012,2755,,2788
2016192,Hikaru Nakamura,US,3,Oct 2012,2786,,2788
2016192,Hikaru Nakamura,US,3,Sep 2012,2783,,2788
2016192,Hikaru Nakamura,US,3,Aug 2012,2778,,2788
2016192,Hikaru Nakamura,US,3,Jul 2012,2778,,2778
2016192,Hikaru Nakamura,US,3,May 2012,2775,,
2016192,Hikaru Nakamura,US,3,Mar 2012,2771,,
2016192,Hikaru Nakamura,US,3,Jan 2012,2759,,
2016192,Hikaru Nakamura,US,3,Nov 2011,2758,,
2016192,Hikaru Nakamura,US,3,Sep 2011,2753,,
2016192,Hikaru Nakamura,US,3,Jul 2011,2770,,
2016192,Hikaru Nakamura,US,3,May 2011,2774,,
2016192,Hikaru Nakamura,US,3,Mar 2011,2774,,
2016192,Hikaru Nakamura,US,3,Jan 2011,2751,,
2016192,Hikaru Nakamura,US,3,Nov 2010,2741,,
2016192,Hikaru Nakamura,US,3,Sep 2010,2733,,
2016192,Hikaru Nakamura,US,3,Jul 2010,2729,,
2016192,Hikaru Nakamura,US,3,May 2010,2733,,
2016192,Hikaru Nakamura,US,3,Mar 2010,2735,,
2016192,Hikaru Nakamura,US,3,Jan 2010,2708,,
2016192,Hikaru Nakamura,US,3,Nov 2009,2715,,
2016192,Hikaru Nakamura,US,3,Sep 2009,2735,,
2016192,Hikaru Nakamura,US,3,Jul 2009,2710,,
2016192,Hikaru Nakamura,US,3,Apr 2009,2701,,
2016192,Hikaru Nakamura,US,3,Jan 2009,2699,,
2016192,Hikaru Nakamura,US,3,Oct 2008,2704,,
2016192,Hikaru Nakamura,US,3,Jul 2008,2697,,
2016192,Hikaru Nakamura,US,3,Apr 2008,2686,,
2016192,Hikaru Nakamura,US,3,Jan 2008,2670,,
2016192,Hikaru Nakamura,US,3,Oct 2007,2648,,
2016192,Hikaru Nakamura,US,3,Jul 2007,2647,,
2016192,Hikaru Nakamura,US,3,Apr 2007,2663,,
2016192,Hikaru Nakamura,US,3,Jan 2007,2651,,
2016192,Hikaru Nakamura,US,3,Oct 2006,2640,,
2016192,Hikaru Nakamura,US,3,Jul 2006,2632,,
2016192,Hikaru Nakamura,US,3,Apr 2006,2664,,
2016192,Hikaru Nakamura,US,3,Jan 2006,2644,,
2016192,Hikaru Nakamura,US,3,Oct 2005,2662,,
2016192,Hikaru Nakamura,US,3,Jul 2005,2660,,
2016192,Hikaru Nakamura,US,3,Apr 2005,2657,,
2016192,Hikaru Nakamura,US,3,Jan 2005,2613,,
2016192,Hikaru Nakamura,US,3,Oct 2004,2620,,
2016192,Hikaru Nakamura,US,3,Jul 2004,2601,,
2016192,Hikaru Nakamura,US,3,Apr 2004,2580,,
2016192,Hikaru Nakamura,US,3,Jan 2004,2571,,
2016192,Hikaru Nakamura,US,3,Oct 2003,2565,,
2016192,Hikaru Nakamura,US,3,Jul 2003,2568,,
2016192,Hikaru Nakamura,US,3,Apr 2003,2561,,
2016192,Hikaru Nakamura,US,3,Jan 2003,2520,,
2016192,Hikaru Nakamura,US,3,Oct 2002,2504,,
2016192,Hikaru Nakamura,US,3,Jul 2002,2494,,
2016192,Hikaru Nakamura,US,3,Apr 2002,2465,,
2016192,Hikaru Nakamura,US,3,Jan 2002,2430,,
2016192,Hikaru Nakamura,US,3,Oct 2001,2466,,
2016192,Hikaru Nakamura,US,3,Jul 2001,2452,,
2016192,Hikaru Nakamura,US,3,Apr 2001,2428,,
2016192,Hikaru Nakamura,US,3,Jan 2001,2364,,
2016192,Hikaru Nakamura,US,3,Oct 2000,2356,,
2016192,Hikaru Nakamura,US,3,Jul 2000,2281,,
2016192,Hikaru Nakamura,US,3,Jan 2000,2261,,
35009192,Erigaisi Arjun,IN,4,Feb 2025,2801,2708,2738
35009192,Erigaisi Arjun,IN,4,Jan 2025,2801,2708,2738
35009192,Erigaisi Arjun,IN,4,Dec 2024,2801,2694,2749
35009192,Erigaisi Arjun,IN,4,Nov 2024,2799,2706,2738
35009192,Erigaisi Arjun,IN,4,Oct 2024,2797,2698,2738
35009192,Erigaisi Arjun,IN,4,Sep 2024,2778,2698,2738
35009192,Erigaisi Arjun,IN,4,Aug 2024,2778,2671,2740
35009192,Erigaisi Arjun,IN,4,Jul 2024,2778,2671,2740
35009192,Erigaisi Arjun,IN,4,Jun 2024,2761,2671,2740
35009192,Erigaisi Arjun,IN,4,May 2024,2761,2671,2744
35009192,Erigaisi Arjun,IN,4,Apr 2024,2756,2671,2744
35009192,Erigaisi Arjun,IN,4,Mar 2024,2748,2671,2744
35009192,Erigaisi Arjun,IN,4,Feb 2024,2738,2671,2744
35009192,Erigaisi Arjun,IN,4,Jan 2024,2738,2671,2744
35009192,Erigaisi Arjun,IN,4,Dec 2023,2727,2654,2729
35009192,Erigaisi Arjun,IN,4,Nov 2023,2713,2654,2729
35009192,Erigaisi Arjun,IN,4,Oct 2023,2712,2654,2729
35009192,Erigaisi Arjun,IN,4,Sep 2023,2712,2675,2728
35009192,Erigaisi Arjun,IN,4,Aug 2023,2704,2681,2737
35009192,Erigaisi Arjun,IN,4,Jul 2023,2710,2714,2710
35009192,Erigaisi Arjun,IN,4,Jun 2023,2702,2714,2719
35009192,Erigaisi Arjun,IN,4,May 2023,2701,2714,2719
35009192,Erigaisi Arjun,IN,4,Apr 2023,2701,2685,2737
35009192,Erigaisi Arjun,IN,4,Mar 2023,2701,2685,2737
35009192,Erigaisi Arjun,IN,4,Feb 2023,2701,2685,2737
35009192,Erigaisi Arjun,IN,4,Jan 2023,2722,2685,2737
35009192,Erigaisi Arjun,IN,4,Dec 2022,2722,2628,2750
35009192,Erigaisi Arjun,IN,4,Nov 2022,2718,2628,2750
35009192,Erigaisi Arjun,IN,4,Oct 2022,2728,2628,2750
35009192,Erigaisi Arjun,IN,4,Sep 2022,2725,2450,2750
35009192,Erigaisi Arjun,IN,4,Aug 2022,2689,2450,2750
35009192,Erigaisi Arjun,IN,4,Jul 2022,2689,2450,2750
35009192,Erigaisi Arjun,IN,4,Jun 2022,2681,2450,2750
35009192,Erigaisi Arjun,IN,4,May 2022,2675,2450,2750
35009192,Erigaisi Arjun,IN,4,Apr 2022,2675,2450,2750
35009192,Erigaisi Arjun,IN,4,Mar 2022,2660,2450,2750
35009192,Erigaisi Arjun,IN,4,Feb 2022,2633,2450,2750
35009192,Erigaisi Arjun,IN,4,Jan 2022,2632,2450,2750
35009192,Erigaisi Arjun,IN,4,Dec 2021,2629,2397,2774
35009192,Erigaisi Arjun,IN,4,Nov 2021,2627,2323,2616
35009192,Erigaisi Arjun,IN,4,Oct 2021,2634,2323,2616
35009192,Erigaisi Arjun,IN,4,Sep 2021,2626,2323,2616
35009192,Erigaisi Arjun,IN,4,Aug 2021,2597,2289,2609
35009192,Erigaisi Arjun,IN,4,Jul 2021,2567,2289,2609
35009192,Erigaisi Arjun,IN,4,Jun 2021,2567,2289,2609
35009192,Erigaisi Arjun,IN,4,May 2021,2567,2289,2609
35009192,Erigaisi Arjun,IN,4,Apr 2021,2567,2254,2609
35009192,Erigaisi Arjun,IN,4,Mar 2021,2559,2254,2609
35009192,Erigaisi Arjun,IN,4,Feb 2021,2559,2254,2609
35009192,Erigaisi Arjun,IN,4,Jan 2021,2559,2254,2609
35009192,Erigaisi Arjun,IN,4,Dec 2020,2559,2254,2609
35009192,Erigaisi Arjun,IN,4,Nov 2020,2559,2254,2609
35009192,Erigaisi Arjun,IN,4,Oct 2020,2559,2254,2609
35009192,Erigaisi Arjun,IN,4,Sep 2020,2559,2254,2609
35009192,Erigaisi Arjun,IN,4,Aug 2020,2559,2254,2609
35009192,Erigaisi Arjun,IN,4,Jul 2020,2559,2254,2609
35009192,Erigaisi Arjun,IN,4,Jun 2020,2559,2254,2609
35009192,Erigaisi Arjun,IN,4,May 2020,2559,2254,2609
35009192,Erigaisi Arjun,IN,4,Apr 2020,2559,2254,2609
35009192,Erigaisi Arjun,IN,4,Mar 2020,2559,2254,2603
35009192,Erigaisi Arjun,IN,4,Feb 2020,2563,2254,2603
35009192,Erigaisi Arjun,IN,4,Jan 2020,2575,2254,2604
35009192,Erigaisi Arjun,IN,4,Dec 2019,2544,2254,2604
35009192,Erigaisi Arjun,IN,4,Nov 2019,2544,2254,2604
35009192,Erigaisi Arjun,IN,4,Oct 2019,2544,2254,2604
35009192,Erigaisi Arjun,IN,4,Sep 2019,2544,2254,2604
35009192,Erigaisi Arjun,IN,4,Aug 2019,2535,2254,2604
35009192,Erigaisi Arjun,IN,4,Jul 2019,2531,2254,2494
35009192,Erigaisi Arjun,IN,4,Jun 2019,2526,2254,2464
35009192,Erigaisi Arjun,IN,4,May 2019,2526,2254,2464
35009192,Erigaisi Arjun,IN,4,Apr 2019,2526,2254,2464
35009192,Erigaisi Arjun,IN,4,Mar 2019,2526,2254,2464
35009192,Erigaisi Arjun,IN,4,Feb 2019,2526,2254,2464
35009192,Erigaisi Arjun,IN,4,Jan 2019,2548,2254,2464
35009192,Erigaisi Arjun,IN,4,Dec 2018,2531,2254,2464
35009192,Erigaisi Arjun,IN,4,Nov 2018,2531,2254,2464
35009192,Erigaisi Arjun,IN,4,Oct 2018,2531,2254,2464
35009192,Erigaisi Arjun,IN,4,Sep 2018,2531,2254,2464
35009192,Erigaisi Arjun,IN,4,Aug 2018,2517,2156,2412
35009192,Erigaisi Arjun,IN,4,Jul 2018,2499,2156,2412
35009192,Erigaisi Arjun,IN,4,Jun 2018,2505,2156,2412
35009192,Erigaisi Arjun,IN,4,May 2018,2488,2152,2368
35009192,Erigaisi Arjun,IN,4,Apr 2018,2481,2152,2345
35009192,Erigaisi Arjun,IN,4,Mar 2018,2458,2152,2193
35009192,Erigaisi Arjun,IN,4,Feb 2018,2458,2152,2193
35009192,Erigaisi Arjun,IN,4,Jan 2018,2386,2152,2193
35009192,Erigaisi Arjun,IN,4,Dec 2017,2359,2152,2193
35009192,Erigaisi Arjun,IN,4,Nov 2017,2365,2152,2193
35009192,Erigaisi Arjun,IN,4,Oct 2017,2354,2152,2193
35009192,Erigaisi Arjun,IN,4,Sep 2017,2328,2152,2128
35009192,Erigaisi Arjun,IN,4,Aug 2017,2342,2166,2088
35009192,Erigaisi Arjun,IN,4,Jul 2017,2324,2166,2088
35009192,Erigaisi Arjun,IN,4,Jun 2017,2338,2166,2088
35009192,Erigaisi Arjun,IN,4,May 2017,2338,2166,2088
35009192,Erigaisi Arjun,IN,4,Apr 2017,2300,2158,2075
35009192,Erigaisi Arjun,IN,4,Mar 2017,2300,2158,2075
35009192,Erigaisi Arjun,IN,4,Feb 2017,2300,2158,2075
35009192,Erigaisi Arjun,IN,4,Jan 2017,2270,2158,2075
35009192,Erigaisi Arjun,IN,4,Dec 2016,2309,2158,2075
35009192,Erigaisi Arjun,IN,4,Nov 2016,2300,2158,2075
35009192,Erigaisi Arjun,IN,4,Oct 2016,2307,2158,2075
35009192,Erigaisi Arjun,IN,4,Sep 2016,2307,2158,2075
35009192,Erigaisi Arjun,IN,4,Aug 2016,2337,2158,2075
35009192,Erigaisi Arjun,IN,4,Jul 2016,2337,2158,2075
35009192,Erigaisi Arjun,IN,4,Jun 2016,2351,2158,2075
35009192,Erigaisi Arjun,IN,4,May 2016,2351,2141,2075
35009192,Erigaisi Arjun,IN,4,Apr 2016,2350,2141,1982
35009192,Erigaisi Arjun,IN,4,Mar 2016,2379,2141,1851
35009192,Erigaisi Arjun,IN,4,Feb 2016,2379,2141,1851
35009192,Erigaisi Arjun,IN,4,Jan 2016,2238,2141,1851
35009192,Erigaisi Arjun,IN,4,Dec 2015,2173,2141,1782
35009192,Erigaisi Arjun,IN,4,Nov 2015,2173,2141,1782
35009192,Erigaisi Arjun,IN,4,Oct 2015,2127,2141,1782
35009192,Erigaisi Arjun,IN,4,Sep 2015,2167,2141,1782
35009192,Erigaisi Arjun,IN,4,Aug 2015,2132,2141,1782
35009192,Erigaisi Arjun,IN,4,Jul 2015,2146,2141,1782
35009192,Erigaisi Arjun,IN,4,Jun 2015,2120,2141,1782
35009192,Erigaisi Arjun,IN,4,May 2015,2120,2120,1782
35009192,Erigaisi Arjun,IN,4,Apr 2015,2120,,1782
35009192,Erigaisi Arjun,IN,4,Mar 2015,2080,,1782
35009192,Erigaisi Arjun,IN,4,Feb 2015,2080,,1744
35009192,Erigaisi Arjun,IN,4,Jan 2015,2024,,1744
35009192,Erigaisi Arjun,IN,4,Dec 2014,1968,,1744
35009192,Erigaisi Arjun,IN,4,Nov 2014,1968,,1744
35009192,Erigaisi Arjun,IN,4,Oct 2014,1914,,1744
35009192,Erigaisi Arjun,IN,4,Sep 2014,1907,,1744
35009192,Erigaisi Arjun,IN,4,Aug 2014,1857,,1744
35009192,Erigaisi Arjun,IN,4,Jul 2014,1814,,1744
35009192,Erigaisi Arjun,IN,4,Jun 2014,1814,,1744
35009192,Erigaisi Arjun,IN,4,May 2014,1814,,1744
35009192,Erigaisi Arjun,IN,4,Apr 2014,1785,,1744
35009192,Erigaisi Arjun,IN,4,Mar 2014,1803,,1744
35009192,Erigaisi Arjun,IN,4,Feb 2014,1814,,1744
35009192,Erigaisi Arjun,IN,4,Jan 2014,1814,,1744
35009192,Erigaisi Arjun,IN,4,Dec 2013,1839,,1723
35009192,Erigaisi Arjun,IN,4,Nov 2013,1818,,1723
35009192,Erigaisi Arjun,IN,4,Oct 2013,1811,,1723
35009192,Erigaisi Arjun,IN,4,Sep 2013,1792,,1723
35009192,Erigaisi Arjun,IN,4,Aug 2013,1792,,1723
35009192,Erigaisi Arjun,IN,4,Jul 2013,1780,,1723
35009192,Erigaisi Arjun,IN,4,Jun 2013,1753,,1723
35009192,Erigaisi Arjun,IN,4,May 2013,1740,,1723
35009192,Erigaisi Arjun,IN,4,Apr 2013,1740,,1723
35009192,Erigaisi Arjun,IN,4,Mar 2013,1739,,1723
35009192,Erigaisi Arjun,IN,4,Feb 2013,1739,,1723
35009192,Erigaisi Arjun,IN,4,Jan 2013,1734,,1734
35009192,Erigaisi Arjun,IN,4,Dec 2012,1731,,
35009192,Erigaisi Arjun,IN,4,Nov 2012,1684,,
35009192,Erigaisi Arjun,IN,4,Oct 2012,1669,,
35009192,Erigaisi Arjun,IN,4,Sep 2012,1650,,
35009192,Erigaisi Arjun,IN,4,Aug 2012,1548,,
35009192,Erigaisi Arjun,IN,4,Jul 2012,1548,,
35009192,Erigaisi Arjun,IN,4,May 2012,1528,,
35009192,Erigaisi Arjun,IN,4,Mar 2012,1557,,
35009192,Erigaisi Arjun,IN,4,Jan 2012,1571,,
35009192,Erigaisi Arjun,IN,4,Nov 2011,1584,,
35009192,Erigaisi Arjun,IN,4,Sep 2011,1584,,
46616543,Gukesh D,IN,5,Feb 2025,2777,2654,2615
46616543,Gukesh D,IN,5,Jan 2025,2777,2654,2615
46616543,Gukesh D,IN,5,Dec 2024,2783,2654,2615
46616543,Gukesh D,IN,5,Nov 2024,2783,2654,2615
46616543,Gukesh D,IN,5,Oct 2024,2794,2654,2615
46616543,Gukesh D,IN,5,Sep 2024,2764,2654,2615
46616543,Gukesh D,IN,5,Aug 2024,2766,2654,2615
46616543,Gukesh D,IN,5,Jul 2024,2763,2647,2627
46616543,Gukesh D,IN,5,Jun 2024,2763,2647,2627
46616543,Gukesh D,IN,5,May 2024,2763,2649,2651
46616543,Gukesh D,IN,5,Apr 2024,2743,2649,2651
46616543,Gukesh D,IN,5,Mar 2024,2747,2649,2651
46616543,Gukesh D,IN,5,Feb 2024,2743,2649,2651
46616543,Gukesh D,IN,5,Jan 2024,2725,2649,2651
46616543,Gukesh D,IN,5,Dec 2023,2720,2656,2657
46616543,Gukesh D,IN,5,Nov 2023,2746,2656,2657
46616543,Gukesh D,IN,5,Oct 2023,2758,2656,2657
46616543,Gukesh D,IN,5,Sep 2023,2758,2651,2659
46616543,Gukesh D,IN,5,Aug 2023,2751,2629,2659
46616543,Gukesh D,IN,5,Jul 2023,2744,2629,2626
46616543,Gukesh D,IN,5,Jun 2023,2736,2629,2626
46616543,Gukesh D,IN,5,May 2023,2732,2629,2629
46616543,Gukesh D,IN,5,Apr 2023,2730,2629,2612
46616543,Gukesh D,IN,5,Mar 2023,2730,2629,2612
46616543,Gukesh D,IN,5,Feb 2023,2718,2629,2612
46616543,Gukesh D,IN,5,Jan 2023,2725,2629,2612
46616543,Gukesh D,IN,5,Dec 2022,2725,2632,2632
46616543,Gukesh D,IN,5,Nov 2022,2725,2632,2632
46616543,Gukesh D,IN,5,Oct 2022,2732,2632,2632
46616543,Gukesh D,IN,5,Sep 2022,2726,2283,2621
46616543,Gukesh D,IN,5,Aug 2022,2699,2283,2621
46616543,Gukesh D,IN,5,Jul 2022,2684,2223,2599
46616543,Gukesh D,IN,5,Jun 2022,2675,2223,2599
46616543,Gukesh D,IN,5,May 2022,2659,2223,2599
46616543,Gukesh D,IN,5,Apr 2022,2637,2223,2599
46616543,Gukesh D,IN,5,Mar 2022,2614,2223,2599
46616543,Gukesh D,IN,5,Feb 2022,2614,2223,2599
46616543,Gukesh D,IN,5,Jan 2022,2614,2223,2599
46616543,Gukesh D,IN,5,Dec 2021,2614,2050,2507
46616543,Gukesh D,IN,5,Nov 2021,2621,2050,2377
46616543,Gukesh D,IN,5,Oct 2021,2640,2050,2377
46616543,Gukesh D,IN,5,Sep 2021,2599,2050,2377
46616543,Gukesh D,IN,5,Aug 2021,2578,1927,2377
46616543,Gukesh D,IN,5,Jul 2021,2578,1927,2377
46616543,Gukesh D,IN,5,Jun 2021,2578,1927,2377
46616543,Gukesh D,IN,5,May 2021,2578,1927,2377
46616543,Gukesh D,IN,5,Apr 2021,2578,1927,2377
46616543,Gukesh D,IN,5,Mar 2021,2563,1927,2377
46616543,Gukesh D,IN,5,Feb 2021,2563,1927,2377
46616543,Gukesh D,IN,5,Jan 2021,2563,1927,2377
46616543,Gukesh D,IN,5,Dec 2020,2563,1927,2377
46616543,Gukesh D,IN,5,Nov 2020,2563,1927,2377
46616543,Gukesh D,IN,5,Oct 2020,2563,1927,2377
46616543,Gukesh D,IN,5,Sep 2020,2563,1927,2377
46616543,Gukesh D,IN,5,Aug 2020,2563,1927,2377
46616543,Gukesh D,IN,5,Jul 2020,2563,1927,2377
46616543,Gukesh D,IN,5,Jun 2020,2563,1927,2377
46616543,Gukesh D,IN,5,May 2020,2563,1927,2377
46616543,Gukesh D,IN,5,Apr 2020,2563,1927,2377
46616543,Gukesh D,IN,5,Mar 2020,2563,1927,2377
46616543,Gukesh D,IN,5,Feb 2020,2542,1927,2377
46616543,Gukesh D,IN,5,Jan 2020,2542,1927,2377
46616543,Gukesh D,IN,5,Dec 2019,2547,1799,2360
46616543,Gukesh D,IN,5,Nov 2019,2544,1799,2360
46616543,Gukesh D,IN,5,Oct 2019,2520,1799,2360
46616543,Gukesh D,IN,5,Sep 2019,2535,1799,2360
46616543,Gukesh D,IN,5,Aug 2019,2528,1683,2299
46616543,Gukesh D,IN,5,Jul 2019,2520,1683,2281
46616543,Gukesh D,IN,5,Jun 2019,2543,1683,2259
46616543,Gukesh D,IN,5,May 2019,2533,1683,2259
46616543,Gukesh D,IN,5,Apr 2019,2536,1683,2259
46616543,Gukesh D,IN,5,Mar 2019,2529,1683,2106
46616543,Gukesh D,IN,5,Feb 2019,2508,1683,2106
46616543,Gukesh D,IN,5,Jan 2019,2497,1683,2106
46616543,Gukesh D,IN,5,Dec 2018,2466,1683,2106
46616543,Gukesh D,IN,5,Nov 2018,2457,1683,2106
46616543,Gukesh D,IN,5,Oct 2018,2456,1683,2106
46616543,Gukesh D,IN,5,Sep 2018,2453,1683,2106
46616543,Gukesh D,IN,5,Aug 2018,2440,1683,2168
46616543,Gukesh D,IN,5,Jul 2018,2433,1519,2052
46616543,Gukesh D,IN,5,Jun 2018,2431,1413,1951
46616543,Gukesh D,IN,5,May 2018,2426,1413,1951
46616543,Gukesh D,IN,5,Apr 2018,2401,1286,1715
46616543,Gukesh D,IN,5,Mar 2018,2360,1286,1715
46616543,Gukesh D,IN,5,Feb 2018,2320,1286,1715
46616543,Gukesh D,IN,5,Jan 2018,2354,1286,1715
46616543,Gukesh D,IN,5,Dec 2017,2362,1286,1715
46616543,Gukesh D,IN,5,Nov 2017,2362,1286,1715
46616543,Gukesh D,IN,5,Oct 2017,2323,1286,1715
46616543,Gukesh D,IN,5,Sep 2017,2335,1286,1715
46616543,Gukesh D,IN,5,Aug 2017,2365,1286,1715
46616543,Gukesh D,IN,5,Jul 2017,2365,1286,1715
46616543,Gukesh D,IN,5,Jun 2017,2332,1286,1619
46616543,Gukesh D,IN,5,May 2017,2283,1286,1619
46616543,Gukesh D,IN,5,Apr 2017,2260,1286,1619
46616543,Gukesh D,IN,5,Mar 2017,2260,1286,1619
46616543,Gukesh D,IN,5,Feb 2017,2184,1286,1619
46616543,Gukesh D,IN,5,Jan 2017,2236,1286,1619
46616543,Gukesh D,IN,5,Dec 2016,2236,1286,1619
46616543,Gukesh D,IN,5,Nov 2016,2252,1286,1619
46616543,Gukesh D,IN,5,Oct 2016,2175,1286,1619
46616543,Gukesh D,IN,5,Sep 2016,2032,1286,1619
46616543,Gukesh D,IN,5,Aug 2016,1974,1286,1619
46616543,Gukesh D,IN,5,Jul 2016,2092,1286,1619
46616543,Gukesh D,IN,5,Jun 2016,2056,1286,1619
46616543,Gukesh D,IN,5,May 2016,2061,1286,1619
46616543,Gukesh D,IN,5,Apr 2016,2095,1286,1619
46616543,Gukesh D,IN,5,Mar 2016,2095,1286,1619
46616543,Gukesh D,IN,5,Feb 2016,2062,1286,1619
46616543,Gukesh D,IN,5,Jan 2016,2041,1286,1619
46616543,Gukesh D,IN,5,Dec 2015,2041,1286,1619
46616543,Gukesh D,IN,5,Nov 2015,1949,1286,1619
46616543,Gukesh D,IN,5,Oct 2015,1869,1286,1619
46616543,Gukesh D,IN,5,Sep 2015,1801,1286,1619
46616543,Gukesh D,IN,5,Aug 2015,1765,1286,1619
46616543,Gukesh D,IN,5,Jul 2015,1764,1286,1619
46616543,Gukesh D,IN,5,Jun 2015,1801,1286,1604
46616543,Gukesh D,IN,5,May 2015,1772,1286,1604
46616543,Gukesh D,IN,5,Apr 2015,1752,1286,1604
46616543,Gukesh D,IN,5,Mar 2015,1735,1286,1604
46616543,Gukesh D,IN,5,Feb 2015,1701,1286,1604
46616543,Gukesh D,IN,5,Jan 2015,1600,1286,1604
46616543,Gukesh D,IN,5,Dec 2014,1600,1286,1604
46616543,Gukesh D,IN,5,Nov 2014,1616,1286,1616
46616543,Gukesh D,IN,5,Oct 2014,1616,1286,
46616543,Gukesh D,IN,5,Sep 2014,1661,1286,
46616543,Gukesh D,IN,5,Aug 2014,1475,1286,
46616543,Gukesh D,IN,5,Jul 2014,1280,1286,
46616543,Gukesh D,IN,5,Jun 2014,1278,1286,
46616543,Gukesh D,IN,5,May 2014,1278,1286,
46616543,Gukesh D,IN,5,Apr 2014,1253,1286,
46616543,Gukesh D,IN,5,Mar 2014,1253,1286,
46616543,Gukesh D,IN,5,Feb 2014,1256,1286,
46616543,Gukesh D,IN,5,Jan 2014,1297,1286,
46616543,Gukesh D,IN,5,Dec 2013,1303,1286,
46616543,Gukesh D,IN,5,Nov 2013,1303,1286,
46616543,Gukesh D,IN,5,Oct 2013,1305,1286,
46616543,Gukesh D,IN,5,Sep 2013,1291,1291,
46616543,Gukesh D,IN,5,Aug 2013,1291,,
14204118,Nodirbek Abdusattorov,UZ,6,Feb 2025,2766,2732,2694
14204118,Nodirbek Abdusattorov,UZ,6,Jan 2025,2768,2732,2694
14204118,Nodirbek Abdusattorov,UZ,6,Dec 2024,2777,2740,2707
14204118,Nodirbek Abdusattorov,UZ,6,Nov 2024,2777,2742,2715
14204118,Nodirbek Abdusattorov,UZ,6,Oct 2024,2783,2722,2715
14204118,Nodirbek Abdusattorov,UZ,6,Sep 2024,2766,2723,2684
14204118,Nodirbek Abdusattorov,UZ,6,Aug 2024,2762,2732,2669
14204118,Nodirbek Abdusattorov,UZ,6,Jul 2024,2769,2724,2669
14204118,Nodirbek Abdusattorov,UZ,6,Jun 2024,2766,2724,2669
14204118,Nodirbek Abdusattorov,UZ,6,May 2024,2765,2733,2661
14204118,Nodirbek Abdusattorov,UZ,6,Apr 2024,2765,2733,2661
14204118,Nodirbek Abdusattorov,UZ,6,Mar 2024,2750,2733,2661
14204118,Nodirbek Abdusattorov,UZ,6,Feb 2024,2744,2733,2661
14204118,Nodirbek Abdusattorov,UZ,6,Jan 2024,2727,2733,2661
14204118,Nodirbek Abdusattorov,UZ,6,Dec 2023,2727,2727,2694
14204118,Nodirbek Abdusattorov,UZ,6,Nov 2023,2722,2727,2694
14204118,Nodirbek Abdusattorov,UZ,6,Oct 2023,2716,2727,2708
14204118,Nodirbek Abdusattorov,UZ,6,Sep 2023,2716,2731,2708
14204118,Nodirbek Abdusattorov,UZ,6,Aug 2023,2725,2724,2708
14204118,Nodirbek Abdusattorov,UZ,6,Jul 2023,2725,2703,2708
14204118,Nodirbek Abdusattorov,UZ,6,Jun 2023,2732,2703,2708
14204118,Nodirbek Abdusattorov,UZ,6,May 2023,2731,2703,2683
14204118,Nodirbek Abdusattorov,UZ,6,Apr 2023,2731,2703,2672
14204118,Nodirbek Abdusattorov,UZ,6,Mar 2023,2731,2714,2672
14204118,Nodirbek Abdusattorov,UZ,6,Feb 2023,2734,2714,2672
14204118,Nodirbek Abdusattorov,UZ,6,Jan 2023,2713,2714,2672
14204118,Nodirbek Abdusattorov,UZ,6,Dec 2022,2713,2676,2666
14204118,Nodirbek Abdusattorov,UZ,6,Nov 2022,2713,2676,2666
14204118,Nodirbek Abdusattorov,UZ,6,Oct 2022,2713,2676,2666
14204118,Nodirbek Abdusattorov,UZ,6,Sep 2022,2713,2676,2666
14204118,Nodirbek Abdusattorov,UZ,6,Aug 2022,2677,2676,2666
14204118,Nodirbek Abdusattorov,UZ,6,Jul 2022,2688,2670,2664
14204118,Nodirbek Abdusattorov,UZ,6,Jun 2022,2661,2670,2664
14204118,Nodirbek Abdusattorov,UZ,6,May 2022,2661,2670,2664
14204118,Nodirbek Abdusattorov,UZ,6,Apr 2022,2661,2670,2664
14204118,Nodirbek Abdusattorov,UZ,6,Mar 2022,2651,2670,2664
14204118,Nodirbek Abdusattorov,UZ,6,Feb 2022,2651,2670,2664
14204118,Nodirbek Abdusattorov,UZ,6,Jan 2022,2641,2670,2664
14204118,Nodirbek Abdusattorov,UZ,6,Dec 2021,2633,2593,2687
14204118,Nodirbek Abdusattorov,UZ,6,Nov 2021,2646,2593,2690
14204118,Nodirbek Abdusattorov,UZ,6,Oct 2021,2646,2593,2690
14204118,Nodirbek Abdusattorov,UZ,6,Sep 2021,2648,2542,2690
14204118,Nodirbek Abdusattorov,UZ,6,Aug 2021,2634,2501,2662
14204118,Nodirbek Abdusattorov,UZ,6,Jul 2021,2634,2501,2662
14204118,Nodirbek Abdusattorov,UZ,6,Jun 2021,2634,2501,2662
14204118,Nodirbek Abdusattorov,UZ,6,May 2021,2627,2501,2662
14204118,Nodirbek Abdusattorov,UZ,6,Apr 2021,2627,2501,2662
14204118,Nodirbek Abdusattorov,UZ,6,Mar 2021,2627,2501,2662
14204118,Nodirbek Abdusattorov,UZ,6,Feb 2021,2627,2506,2662
14204118,Nodirbek Abdusattorov,UZ,6,Jan 2021,2627,2506,2662
14204118,Nodirbek Abdusattorov,UZ,6,Dec 2020,2627,2506,2662
14204118,Nodirbek Abdusattorov,UZ,6,Nov 2020,2627,2469,2662
14204118,Nodirbek Abdusattorov,UZ,6,Oct 2020,2627,2469,2662
14204118,Nodirbek Abdusattorov,UZ,6,Sep 2020,2627,2469,2662
14204118,Nodirbek Abdusattorov,UZ,6,Aug 2020,2627,2469,2662
14204118,Nodirbek Abdusattorov,UZ,6,Jul 2020,2627,2469,2662
14204118,Nodirbek Abdusattorov,UZ,6,Jun 2020,2627,2469,2662
14204118,Nodirbek Abdusattorov,UZ,6,May 2020,2627,2469,2662
14204118,Nodirbek Abdusattorov,UZ,6,Apr 2020,2627,2469,2662
14204118,Nodirbek Abdusattorov,UZ,6,Mar 2020,2627,2469,2633
14204118,Nodirbek Abdusattorov,UZ,6,Feb 2020,2644,2469,2633
14204118,Nodirbek Abdusattorov,UZ,6,Jan 2020,2635,2469,2633
14204118,Nodirbek Abdusattorov,UZ,6,Dec 2019,2635,2418,2600
14204118,Nodirbek Abdusattorov,UZ,6,Nov 2019,2633,2418,2600
14204118,Nodirbek Abdusattorov,UZ,6,Oct 2019,2608,2414,2600
14204118,Nodirbek Abdusattorov,UZ,6,Sep 2019,2608,2414,2600
14204118,Nodirbek Abdusattorov,UZ,6,Aug 2019,2594,2414,2600
14204118,Nodirbek Abdusattorov,UZ,6,Jul 2019,2598,2400,2550
14204118,Nodirbek Abdusattorov,UZ,6,Jun 2019,2598,2400,2550
14204118,Nodirbek Abdusattorov,UZ,6,May 2019,2597,2400,2550
14204118,Nodirbek Abdusattorov,UZ,6,Apr 2019,2578,2400,2550
14204118,Nodirbek Abdusattorov,UZ,6,Mar 2019,2560,2400,2560
14204118,Nodirbek Abdusattorov,UZ,6,Feb 2019,2560,2400,2560
14204118,Nodirbek Abdusattorov,UZ,6,Jan 2019,2560,2400,2560
14204118,Nodirbek Abdusattorov,UZ,6,Dec 2018,2546,2312,2469
14204118,Nodirbek Abdusattorov,UZ,6,Nov 2018,2560,2312,2466
14204118,Nodirbek Abdusattorov,UZ,6,Oct 2018,2558,2315,2496
14204118,Nodirbek Abdusattorov,UZ,6,Sep 2018,2558,2315,2496
14204118,Nodirbek Abdusattorov,UZ,6,Aug 2018,2539,2220,2539
14204118,Nodirbek Abdusattorov,UZ,6,Jul 2018,2534,2220,2529
14204118,Nodirbek Abdusattorov,UZ,6,Jun 2018,2534,2220,2529
14204118,Nodirbek Abdusattorov,UZ,6,May 2018,2550,2220,2529
14204118,Nodirbek Abdusattorov,UZ,6,Apr 2018,2540,2220,2529
14204118,Nodirbek Abdusattorov,UZ,6,Mar 2018,2518,2220,2453
14204118,Nodirbek Abdusattorov,UZ,6,Feb 2018,2516,2220,2463
14204118,Nodirbek Abdusattorov,UZ,6,Jan 2018,2516,2220,2463
14204118,Nodirbek Abdusattorov,UZ,6,Dec 2017,2516,2220,2463
14204118,Nodirbek Abdusattorov,UZ,6,Nov 2017,2498,2220,2463
14204118,Nodirbek Abdusattorov,UZ,6,Oct 2017,2498,2220,2460
14204118,Nodirbek Abdusattorov,UZ,6,Sep 2017,2486,2205,2469
14204118,Nodirbek Abdusattorov,UZ,6,Aug 2017,2470,2205,2414
14204118,Nodirbek Abdusattorov,UZ,6,Jul 2017,2467,2205,2414
14204118,Nodirbek Abdusattorov,UZ,6,Jun 2017,2462,2159,2414
14204118,Nodirbek Abdusattorov,UZ,6,May 2017,2453,2159,2414
14204118,Nodirbek Abdusattorov,UZ,6,Apr 2017,2437,2159,2458
14204118,Nodirbek Abdusattorov,UZ,6,Mar 2017,2429,2159,2370
14204118,Nodirbek Abdusattorov,UZ,6,Feb 2017,2429,2159,2370
14204118,Nodirbek Abdusattorov,UZ,6,Jan 2017,2429,2159,2370
14204118,Nodirbek Abdusattorov,UZ,6,Dec 2016,2428,2159,2350
14204118,Nodirbek Abdusattorov,UZ,6,Nov 2016,2428,2159,2350
14204118,Nodirbek Abdusattorov,UZ,6,Oct 2016,2395,2159,2333
14204118,Nodirbek Abdusattorov,UZ,6,Sep 2016,2375,2159,2333
14204118,Nodirbek Abdusattorov,UZ,6,Aug 2016,2375,2159,2333
14204118,Nodirbek Abdusattorov,UZ,6,Jul 2016,2375,2159,2333
14204118,Nodirbek Abdusattorov,UZ,6,Jun 2016,2382,2117,2251
14204118,Nodirbek Abdusattorov,UZ,6,May 2016,2382,2117,2251
14204118,Nodirbek Abdusattorov,UZ,6,Apr 2016,2391,2117,2251
14204118,Nodirbek Abdusattorov,UZ,6,Mar 2016,2391,2099,2251
14204118,Nodirbek Abdusattorov,UZ,6,Feb 2016,2430,2099,2148
14204118,Nodirbek Abdusattorov,UZ,6,Jan 2016,2430,2099,2148
14204118,Nodirbek Abdusattorov,UZ,6,Dec 2015,2429,2099,2148
14204118,Nodirbek Abdusattorov,UZ,6,Nov 2015,2436,2099,2148
14204118,Nodirbek Abdusattorov,UZ,6,Oct 2015,2432,2099,2108
14204118,Nodirbek Abdusattorov,UZ,6,Sep 2015,2432,2099,2108
14204118,Nodirbek Abdusattorov,UZ,6,Aug 2015,2432,2099,2108
14204118,Nodirbek Abdusattorov,UZ,6,Jul 2015,2432,2099,2108
14204118,Nodirbek Abdusattorov,UZ,6,Jun 2015,2443,2099,2108
14204118,Nodirbek Abdusattorov,UZ,6,May 2015,2465,2043,2044
14204118,Nodirbek Abdusattorov,UZ,6,Apr 2015,2465,2043,2044
14204118,Nodirbek Abdusattorov,UZ,6,Mar 2015,2263,2043,2044
14204118,Nodirbek Abdusattorov,UZ,6,Feb 2015,2193,2043,2044
14204118,Nodirbek Abdusattorov,UZ,6,Jan 2015,2193,2041,2044
14204118,Nodirbek Abdusattorov,UZ,6,Dec 2014,2186,1990,2044
14204118,Nodirbek Abdusattorov,UZ,6,Nov 2014,2186,1876,2044
14204118,Nodirbek Abdusattorov,UZ,6,Oct 2014,2179,1876,1924
14204118,Nodirbek Abdusattorov,UZ,6,Sep 2014,2128,1876,1924
14204118,Nodirbek Abdusattorov,UZ,6,Aug 2014,2128,1876,1924
14204118,Nodirbek Abdusattorov,UZ,6,Jul 2014,2128,1876,1924
14204118,Nodirbek Abdusattorov,UZ,6,Jun 2014,2108,1923,1909
14204118,Nodirbek Abdusattorov,UZ,6,May 2014,2057,1923,1909
14204118,Nodirbek Abdusattorov,UZ,6,Apr 2014,2057,1923,1909
14204118,Nodirbek Abdusattorov,UZ,6,Mar 2014,2024,1923,1909
14204118,Nodirbek Abdusattorov,UZ,6,Feb 2014,1954,1923,1909
14204118,Nodirbek Abdusattorov,UZ,6,Jan 2014,1954,1923,1909
14204118,Nodirbek Abdusattorov,UZ,6,Dec 2013,1967,1923,1904
14204118,Nodirbek Abdusattorov,UZ,6,Nov 2013,1967,1923,1904
14204118,Nodirbek Abdusattorov,UZ,6,Oct 2013,1967,1923,1904
14204118,Nodirbek Abdusattorov,UZ,6,Sep 2013,1967,1923,1904
14204118,Nodirbek Abdusattorov,UZ,6,Aug 2013,1935,1923,1904
14204118,Nodirbek Abdusattorov,UZ,6,Jul 2013,1935,1923,1904
14204118,Nodirbek Abdusattorov,UZ,6,Jun 2013,1935,1923,1904
14204118,Nodirbek Abdusattorov,UZ,6,May 2013,1935,1923,1904
14204118,Nodirbek Abdusattorov,UZ,6,Apr 2013,1915,1923,1904
14204118,Nodirbek Abdusattorov,UZ,6,Mar 2013,1915,1923,1904
14204118,Nodirbek Abdusattorov,UZ,6,Feb 2013,1915,1923,1904
14204118,Nodirbek Abdusattorov,UZ,6,Jan 2013,1915,1932,1915
14204118,Nodirbek Abdusattorov,UZ,6,Dec 2012,1950,1932,
14204118,Nodirbek Abdusattorov,UZ,6,Nov 2012,1949,1932,
14204118,Nodirbek Abdusattorov,UZ,6,Oct 2012,1949,1932,
14204118,Nodirbek Abdusattorov,UZ,6,Sep 2012,1949,1932,
14204118,Nodirbek Abdusattorov,UZ,6,Aug 2012,1937,1932,
14204118,Nodirbek Abdusattorov,UZ,6,Jul 2012,1937,1921,
14204118,Nodirbek Abdusattorov,UZ,6,May 2012,1937,1937,
14204118,Nodirbek Abdusattorov,UZ,6,Mar 2012,1907,,
14204118,Nodirbek Abdusattorov,UZ,6,Jan 2012,1907,,
14204118,Nodirbek Abdusattorov,UZ,6,Nov 2011,1930,,
14204118,Nodirbek Abdusattorov,UZ,6,Sep 2011,1930,,
12573981,Alireza Firouzja,FR,7,Feb 2025,2760,2754,2857
12573981,Alireza Firouzja,FR,7,Jan 2025,2763,2754,2871
12573981,Alireza Firouzja,FR,7,Dec 2024,2763,2756,2871
12573981,Alireza Firouzja,FR,7,Nov 2024,2763,2756,2871
12573981,Alireza Firouzja,FR,7,Oct 2024,2767,2742,2871
12573981,Alireza Firouzja,FR,7,Sep 2024,2767,2742,2871
12573981,Alireza Firouzja,FR,7,Aug 2024,2751,2731,2869
12573981,Alireza Firouzja,FR,7,Jul 2024,2744,2724,2863
12573981,Alireza Firouzja,FR,7,Jun 2024,2737,2724,2863
12573981,Alireza Firouzja,FR,7,May 2024,2737,2724,2863
12573981,Alireza Firouzja,FR,7,Apr 2024,2760,2724,2863
12573981,Alireza Firouzja,FR,7,Mar 2024,2760,2724,2863
12573981,Alireza Firouzja,FR,7,Feb 2024,2760,2724,2863
12573981,Alireza Firouzja,FR,7,Jan 2024,2759,2724,2863
12573981,Alireza Firouzja,FR,7,Dec 2023,2763,2737,2863
12573981,Alireza Firouzja,FR,7,Nov 2023,2777,2742,2896
12573981,Alireza Firouzja,FR,7,Oct 2023,2777,2742,2896
12573981,Alireza Firouzja,FR,7,Sep 2023,2777,2742,2896
12573981,Alireza Firouzja,FR,7,Aug 2023,2777,2742,2896
12573981,Alireza Firouzja,FR,7,Jul 2023,2777,2745,2896
12573981,Alireza Firouzja,FR,7,Jun 2023,2786,2745,2896
12573981,Alireza Firouzja,FR,7,May 2023,2785,2745,2904
12573981,Alireza Firouzja,FR,7,Apr 2023,2785,2745,2904
12573981,Alireza Firouzja,FR,7,Mar 2023,2785,2745,2904
12573981,Alireza Firouzja,FR,7,Feb 2023,2785,2745,2904
12573981,Alireza Firouzja,FR,7,Jan 2023,2785,2745,2904
12573981,Alireza Firouzja,FR,7,Dec 2022,2785,2745,2904
12573981,Alireza Firouzja,FR,7,Nov 2022,2785,2745,2904
12573981,Alireza Firouzja,FR,7,Oct 2022,2785,2745,2904
12573981,Alireza Firouzja,FR,7,Sep 2022,2778,2732,2796
12573981,Alireza Firouzja,FR,7,Aug 2022,2778,2704,2796
12573981,Alireza Firouzja,FR,7,Jul 2022,2793,2670,2792
12573981,Alireza Firouzja,FR,7,Jun 2022,2793,2670,2792
12573981,Alireza Firouzja,FR,7,May 2022,2804,2670,2792
12573981,Alireza Firouzja,FR,7,Apr 2022,2804,2670,2792
12573981,Alireza Firouzja,FR,7,Mar 2022,2804,2670,2792
12573981,Alireza Firouzja,FR,7,Feb 2022,2804,2670,2792
12573981,Alireza Firouzja,FR,7,Jan 2022,2804,2670,2792
12573981,Alireza Firouzja,FR,7,Dec 2021,2804,2656,2811
12573981,Alireza Firouzja,FR,7,Nov 2021,2770,2656,2811
12573981,Alireza Firouzja,FR,7,Oct 2021,2770,2656,2811
12573981,Alireza Firouzja,FR,7,Sep 2021,2754,2656,2811
12573981,Alireza Firouzja,FR,7,Aug 2021,2759,2696,2811
12573981,Alireza Firouzja,FR,7,Jul 2021,2759,2696,2811
12573981,Alireza Firouzja,FR,7,Jun 2021,2759,2703,2770
12573981,Alireza Firouzja,FR,7,May 2021,2759,2703,2770
12573981,Alireza Firouzja,FR,7,Apr 2021,2759,2703,2770
12573981,Alireza Firouzja,FR,7,Mar 2021,2759,2703,2770
12573981,Alireza Firouzja,FR,7,Feb 2021,2749,2703,2770
12573981,Alireza Firouzja,FR,7,Jan 2021,2749,2703,2770
12573981,Alireza Firouzja,FR,7,Dec 2020,2749,2703,2770
12573981,Alireza Firouzja,FR,7,Nov 2020,2749,2703,2770
12573981,Alireza Firouzja,FR,7,Oct 2020,2728,2703,2770
12573981,Alireza Firouzja,FR,7,Sep 2020,2728,2703,2770
12573981,Alireza Firouzja,FR,7,Aug 2020,2728,2703,2770
12573981,Alireza Firouzja,FR,7,Jul 2020,2728,2703,2770
12573981,Alireza Firouzja,FR,7,Jun 2020,2728,2703,2750
12573981,Alireza Firouzja,FR,7,May 2020,2728,2703,2750
12573981,Alireza Firouzja,FR,7,Apr 2020,2728,2703,2750
12573981,Alireza Firouzja,FR,7,Mar 2020,2728,2703,2750
12573981,Alireza Firouzja,FR,7,Feb 2020,2726,2703,2750
12573981,Alireza Firouzja,FR,7,Jan 2020,2723,2703,2750
12573981,Alireza Firouzja,FR,7,Dec 2019,2723,2614,2649
12573981,Alireza Firouzja,FR,7,Nov 2019,2720,2614,2649
12573981,Alireza Firouzja,FR,7,Oct 2019,2702,2625,2649
12573981,Alireza Firouzja,FR,7,Sep 2019,2702,2625,2649
12573981,Alireza Firouzja,FR,7,Aug 2019,2702,2625,2649
12573981,Alireza Firouzja,FR,7,Jul 2019,2685,2625,2649
12573981,Alireza Firouzja,FR,7,Jun 2019,2682,2569,2660
12573981,Alireza Firouzja,FR,7,May 2019,2682,2569,2660
12573981,Alireza Firouzja,FR,7,Apr 2019,2669,2569,2660
12573981,Alireza Firouzja,FR,7,Mar 2019,2657,2569,2724
12573981,Alireza Firouzja,FR,7,Feb 2019,2618,2569,2724
12573981,Alireza Firouzja,FR,7,Jan 2019,2618,2569,2724
12573981,Alireza Firouzja,FR,7,Dec 2018,2607,2412,2667
12573981,Alireza Firouzja,FR,7,Nov 2018,2607,2412,2667
12573981,Alireza Firouzja,FR,7,Oct 2018,2600,2412,2667
12573981,Alireza Firouzja,FR,7,Sep 2018,2582,2412,2649
12573981,Alireza Firouzja,FR,7,Aug 2018,2561,2412,2627
12573981,Alireza Firouzja,FR,7,Jul 2018,2561,2367,2629
12573981,Alireza Firouzja,FR,7,Jun 2018,2561,2367,2597
12573981,Alireza Firouzja,FR,7,May 2018,2570,2367,2632
12573981,Alireza Firouzja,FR,7,Apr 2018,2572,2367,2632
12573981,Alireza Firouzja,FR,7,Mar 2018,2558,2367,2641
12573981,Alireza Firouzja,FR,7,Feb 2018,2549,2367,2641
12573981,Alireza Firouzja,FR,7,Jan 2018,2549,2340,2641
12573981,Alireza Firouzja,FR,7,Dec 2017,2509,2340,2641
12573981,Alireza Firouzja,FR,7,Nov 2017,2521,2340,2641
12573981,Alireza Firouzja,FR,7,Oct 2017,2525,2346,2641
12573981,Alireza Firouzja,FR,7,Sep 2017,2527,2346,2638
12573981,Alireza Firouzja,FR,7,Aug 2017,2517,2346,2626
12573981,Alireza Firouzja,FR,7,Jul 2017,2499,2346,2572
12573981,Alireza Firouzja,FR,7,Jun 2017,2499,2346,2572
12573981,Alireza Firouzja,FR,7,May 2017,2487,2368,2581
12573981,Alireza Firouzja,FR,7,Apr 2017,2492,2368,2581
12573981,Alireza Firouzja,FR,7,Mar 2017,2470,2368,2579
12573981,Alireza Firouzja,FR,7,Feb 2017,2465,2368,2567
12573981,Alireza Firouzja,FR,7,Jan 2017,2456,2368,2567
12573981,Alireza Firouzja,FR,7,Dec 2016,2456,2270,2474
12573981,Alireza Firouzja,FR,7,Nov 2016,2474,2270,2463
12573981,Alireza Firouzja,FR,7,Oct 2016,2469,2270,2463
12573981,Alireza Firouzja,FR,7,Sep 2016,2463,2270,2463
12573981,Alireza Firouzja,FR,7,Aug 2016,2464,2270,2463
12573981,Alireza Firouzja,FR,7,Jul 2016,2481,2285,2413
12573981,Alireza Firouzja,FR,7,Jun 2016,2485,2285,2428
12573981,Alireza Firouzja,FR,7,May 2016,2485,2285,2417
12573981,Alireza Firouzja,FR,7,Apr 2016,2468,2253,2415
12573981,Alireza Firouzja,FR,7,Mar 2016,2475,2213,2293
12573981,Alireza Firouzja,FR,7,Feb 2016,2475,2213,2293
12573981,Alireza Firouzja,FR,7,Jan 2016,2455,2213,2293
12573981,Alireza Firouzja,FR,7,Dec 2015,2372,2213,2293
12573981,Alireza Firouzja,FR,7,Nov 2015,2386,2213,2272
12573981,Alireza Firouzja,FR,7,Oct 2015,2364,2213,2272
12573981,Alireza Firouzja,FR,7,Sep 2015,2323,2213,2187
12573981,Alireza Firouzja,FR,7,Aug 2015,2309,2213,2187
12573981,Alireza Firouzja,FR,7,Jul 2015,2277,2168,2169
12573981,Alireza Firouzja,FR,7,Jun 2015,2277,2120,2169
12573981,Alireza Firouzja,FR,7,May 2015,2277,2120,2169
12573981,Alireza Firouzja,FR,7,Apr 2015,2278,2120,2115
12573981,Alireza Firouzja,FR,7,Mar 2015,2312,2120,2083
12573981,Alireza Firouzja,FR,7,Feb 2015,2305,2120,2083
12573981,Alireza Firouzja,FR,7,Jan 2015,2291,2120,2083
12573981,Alireza Firouzja,FR,7,Dec 2014,2332,2085,1990
12573981,Alireza Firouzja,FR,7,Nov 2014,2332,2085,1926
12573981,Alireza Firouzja,FR,7,Oct 2014,2238,2040,1926
12573981,Alireza Firouzja,FR,7,Sep 2014,2188,2040,1926
12573981,Alireza Firouzja,FR,7,Aug 2014,2107,2040,1926
12573981,Alireza Firouzja,FR,7,Jul 2014,2079,2040,1926
12573981,Alireza Firouzja,FR,7,Jun 2014,2079,2028,1926
12573981,Alireza Firouzja,FR,7,May 2014,2079,2028,1926
12573981,Alireza Firouzja,FR,7,Apr 2014,2045,2028,1926
12573981,Alireza Firouzja,FR,7,Mar 2014,1954,2028,1926
12573981,Alireza Firouzja,FR,7,Feb 2014,1954,1960,1926
12573981,Alireza Firouzja,FR,7,Jan 2014,1954,1916,1926
12573981,Alireza Firouzja,FR,7,Dec 2013,1946,1916,1921
12573981,Alireza Firouzja,FR,7,Nov 2013,1946,1916,1921
12573981,Alireza Firouzja,FR,7,Oct 2013,1948,1916,1921
12573981,Alireza Firouzja,FR,7,Sep 2013,1913,1922,1921
12573981,Alireza Firouzja,FR,7,Aug 2013,1913,1922,1921
12573981,Alireza Firouzja,FR,7,Jul 2013,1911,1922,1921
12573981,Alireza Firouzja,FR,7,Jun 2013,1924,1924,1924
12573981,Alireza Firouzja,FR,7,May 2013,1884,,
12573981,Alireza Firouzja,FR,7,Apr 2013,1734,,
12573981,Alireza Firouzja,FR,7,Mar 2013,1734,,
12573981,Alireza Firouzja,FR,7,Feb 2013,1750,,
12573981,Alireza Firouzja,FR,7,Jan 2013,1750,,
12573981,Alireza Firouzja,FR,7,Dec 2012,1750,,
12573981,Alireza Firouzja,FR,7,Nov 2012,1750,,
12573981,Alireza Firouzja,FR,7,Oct 2012,1756,,
12573981,Alireza Firouzja,FR,7,Sep 2012,1756,,
4168119,Ian Nepomniachtchi,RU,9,Feb 2025,2754,2758,2809
4168119,Ian Nepomniachtchi,RU,9,Jan 2025,2754,2758,2786
4168119,Ian Nepomniachtchi,RU,9,Dec 2024,2755,2758,2770
4168119,Ian Nepomniachtchi,RU,9,Nov 2024,2755,2758,2770
4168119,Ian Nepomniachtchi,RU,9,Oct 2024,2755,2758,2770
4168119,Ian Nepomniachtchi,RU,9,Sep 2024,2755,2752,2766
4168119,Ian Nepomniachtchi,RU,9,Aug 2024,2767,2753,2777
4168119,Ian Nepomniachtchi,RU,9,Jul 2024,2770,2754,2800
4168119,Ian Nepomniachtchi,RU,9,Jun 2024,2770,2754,2800
4168119,Ian Nepomniachtchi,RU,9,May 2024,2770,2754,2800
4168119,Ian Nepomniachtchi,RU,9,Apr 2024,2758,2754,2800
4168119,Ian Nepomniachtchi,RU,9,Mar 2024,2758,2754,2800
4168119,Ian Nepomniachtchi,RU,9,Feb 2024,2758,2754,2800
4168119,Ian Nepomniachtchi,RU,9,Jan 2024,2769,2754,2800
4168119,Ian Nepomniachtchi,RU,9,Dec 2023,2771,2778,2795
4168119,Ian Nepomniachtchi,RU,9,Nov 2023,2771,2789,2785
4168119,Ian Nepomniachtchi,RU,9,Oct 2023,2771,2789,2785
4168119,Ian Nepomniachtchi,RU,9,Sep 2023,2771,2766,2785
4168119,Ian Nepomniachtchi,RU,9,Aug 2023,2779,2762,2785
4168119,Ian Nepomniachtchi,RU,9,Jul 2023,2779,2760,2781
4168119,Ian Nepomniachtchi,RU,9,Jun 2023,2779,2760,2781
4168119,Ian Nepomniachtchi,RU,9,May 2023,2794,2760,2781
4168119,Ian Nepomniachtchi,RU,9,Apr 2023,2795,2761,2781
4168119,Ian Nepomniachtchi,RU,9,Mar 2023,2795,2761,2781
4168119,Ian Nepomniachtchi,RU,9,Feb 2023,2793,2761,2781
4168119,Ian Nepomniachtchi,RU,9,Jan 2023,2793,2761,2781
4168119,Ian Nepomniachtchi,RU,9,Dec 2022,2793,2766,2782
4168119,Ian Nepomniachtchi,RU,9,Nov 2022,2793,2766,2782
4168119,Ian Nepomniachtchi,RU,9,Oct 2022,2793,2766,2782
4168119,Ian Nepomniachtchi,RU,9,Sep 2022,2792,2779,2792
4168119,Ian Nepomniachtchi,RU,9,Aug 2022,2792,2795,2792
4168119,Ian Nepomniachtchi,RU,9,Jul 2022,2766,2821,2741
4168119,Ian Nepomniachtchi,RU,9,Jun 2022,2766,2821,2741
4168119,Ian Nepomniachtchi,RU,9,May 2022,2773,2821,2741
4168119,Ian Nepomniachtchi,RU,9,Apr 2022,2773,2821,2741
4168119,Ian Nepomniachtchi,RU,9,Mar 2022,2773,2821,2741
4168119,Ian Nepomniachtchi,RU,9,Feb 2022,2773,2821,2741
4168119,Ian Nepomniachtchi,RU,9,Jan 2022,2773,2821,2741
4168119,Ian Nepomniachtchi,RU,9,Dec 2021,2782,2798,2792
4168119,Ian Nepomniachtchi,RU,9,Nov 2021,2782,2798,2792
4168119,Ian Nepomniachtchi,RU,9,Oct 2021,2782,2798,2792
4168119,Ian Nepomniachtchi,RU,9,Sep 2021,2792,2798,2792
4168119,Ian Nepomniachtchi,RU,9,Aug 2021,2792,2798,2776
4168119,Ian Nepomniachtchi,RU,9,Jul 2021,2792,2791,2807
4168119,Ian Nepomniachtchi,RU,9,Jun 2021,2792,2778,2785
4168119,Ian Nepomniachtchi,RU,9,May 2021,2792,2778,2785
4168119,Ian Nepomniachtchi,RU,9,Apr 2021,2789,2778,2785
4168119,Ian Nepomniachtchi,RU,9,Mar 2021,2789,2778,2785
4168119,Ian Nepomniachtchi,RU,9,Feb 2021,2789,2778,2785
4168119,Ian Nepomniachtchi,RU,9,Jan 2021,2789,2778,2785
4168119,Ian Nepomniachtchi,RU,9,Dec 2020,2784,2778,2785
4168119,Ian Nepomniachtchi,RU,9,Nov 2020,2784,2778,2785
4168119,Ian Nepomniachtchi,RU,9,Oct 2020,2784,2778,2785
4168119,Ian Nepomniachtchi,RU,9,Sep 2020,2784,2778,2785
4168119,Ian Nepomniachtchi,RU,9,Aug 2020,2784,2778,2785
4168119,Ian Nepomniachtchi,RU,9,Jul 2020,2784,2778,2785
4168119,Ian Nepomniachtchi,RU,9,Jun 2020,2784,2778,2785
4168119,Ian Nepomniachtchi,RU,9,May 2020,2784,2778,2785
4168119,Ian Nepomniachtchi,RU,9,Apr 2020,2784,2778,2785
4168119,Ian Nepomniachtchi,RU,9,Mar 2020,2774,2778,2779
4168119,Ian Nepomniachtchi,RU,9,Feb 2020,2774,2778,2779
4168119,Ian Nepomniachtchi,RU,9,Jan 2020,2774,2778,2779
4168119,Ian Nepomniachtchi,RU,9,Dec 2019,2767,2745,2826
4168119,Ian Nepomniachtchi,RU,9,Nov 2019,2773,2765,2830
4168119,Ian Nepomniachtchi,RU,9,Oct 2019,2776,2773,2820
4168119,Ian Nepomniachtchi,RU,9,Sep 2019,2776,2773,2820
4168119,Ian Nepomniachtchi,RU,9,Aug 2019,2774,2773,2815
4168119,Ian Nepomniachtchi,RU,9,Jul 2019,2775,2757,2815
4168119,Ian Nepomniachtchi,RU,9,Jun 2019,2775,2757,2815
4168119,Ian Nepomniachtchi,RU,9,May 2019,2773,2785,2778
4168119,Ian Nepomniachtchi,RU,9,Apr 2019,2773,2785,2778
4168119,Ian Nepomniachtchi,RU,9,Mar 2019,2771,2785,2834
4168119,Ian Nepomniachtchi,RU,9,Feb 2019,2771,2785,2834
4168119,Ian Nepomniachtchi,RU,9,Jan 2019,2763,2785,2834
4168119,Ian Nepomniachtchi,RU,9,Dec 2018,2763,2771,2846
4168119,Ian Nepomniachtchi,RU,9,Nov 2018,2763,2771,2846
4168119,Ian Nepomniachtchi,RU,9,Oct 2018,2759,2766,2846
4168119,Ian Nepomniachtchi,RU,9,Sep 2018,2768,2766,2846
4168119,Ian Nepomniachtchi,RU,9,Aug 2018,2768,2766,2846
4168119,Ian Nepomniachtchi,RU,9,Jul 2018,2757,2770,2846
4168119,Ian Nepomniachtchi,RU,9,Jun 2018,2751,2770,2846
4168119,Ian Nepomniachtchi,RU,9,May 2018,2751,2770,2846
4168119,Ian Nepomniachtchi,RU,9,Apr 2018,2751,2770,2846
4168119,Ian Nepomniachtchi,RU,9,Mar 2018,2751,2803,2768
4168119,Ian Nepomniachtchi,RU,9,Feb 2018,2751,2803,2768
4168119,Ian Nepomniachtchi,RU,9,Jan 2018,2751,2803,2768
4168119,Ian Nepomniachtchi,RU,9,Dec 2017,2729,2780,2810
4168119,Ian Nepomniachtchi,RU,9,Nov 2017,2732,2780,2810
4168119,Ian Nepomniachtchi,RU,9,Oct 2017,2733,2780,2810
4168119,Ian Nepomniachtchi,RU,9,Sep 2017,2741,2811,2810
4168119,Ian Nepomniachtchi,RU,9,Aug 2017,2751,2810,2787
4168119,Ian Nepomniachtchi,RU,9,Jul 2017,2742,2819,2793
4168119,Ian Nepomniachtchi,RU,9,Jun 2017,2732,2819,2793
4168119,Ian Nepomniachtchi,RU,9,May 2017,2751,2819,2793
4168119,Ian Nepomniachtchi,RU,9,Apr 2017,2751,2819,2793
4168119,Ian Nepomniachtchi,RU,9,Mar 2017,2751,2819,2793
4168119,Ian Nepomniachtchi,RU,9,Feb 2017,2749,2819,2793
4168119,Ian Nepomniachtchi,RU,9,Jan 2017,2767,2819,2793
4168119,Ian Nepomniachtchi,RU,9,Dec 2016,2767,2812,2830
4168119,Ian Nepomniachtchi,RU,9,Nov 2016,2767,2812,2830
4168119,Ian Nepomniachtchi,RU,9,Oct 2016,2749,2812,2830
4168119,Ian Nepomniachtchi,RU,9,Sep 2016,2740,2812,2840
4168119,Ian Nepomniachtchi,RU,9,Aug 2016,2740,2812,2840
4168119,Ian Nepomniachtchi,RU,9,Jul 2016,2725,2812,2840
4168119,Ian Nepomniachtchi,RU,9,Jun 2016,2719,2812,2846
4168119,Ian Nepomniachtchi,RU,9,May 2016,2703,2812,2846
4168119,Ian Nepomniachtchi,RU,9,Apr 2016,2703,2812,2846
4168119,Ian Nepomniachtchi,RU,9,Mar 2016,2704,2812,2813
4168119,Ian Nepomniachtchi,RU,9,Feb 2016,2704,2812,2813
4168119,Ian Nepomniachtchi,RU,9,Jan 2016,2704,2812,2813
4168119,Ian Nepomniachtchi,RU,9,Dec 2015,2707,2821,2813
4168119,Ian Nepomniachtchi,RU,9,Nov 2015,2705,2821,2813
4168119,Ian Nepomniachtchi,RU,9,Oct 2015,2705,2789,2831
4168119,Ian Nepomniachtchi,RU,9,Sep 2015,2705,2789,2840
4168119,Ian Nepomniachtchi,RU,9,Aug 2015,2705,2789,2840
4168119,Ian Nepomniachtchi,RU,9,Jul 2015,2709,2789,2840
4168119,Ian Nepomniachtchi,RU,9,Jun 2015,2720,2789,2840
4168119,Ian Nepomniachtchi,RU,9,May 2015,2728,2801,2846
4168119,Ian Nepomniachtchi,RU,9,Apr 2015,2716,2801,2798
4168119,Ian Nepomniachtchi,RU,9,Mar 2015,2714,2801,2798
4168119,Ian Nepomniachtchi,RU,9,Feb 2015,2714,2801,2798
4168119,Ian Nepomniachtchi,RU,9,Jan 2015,2714,2801,2798
4168119,Ian Nepomniachtchi,RU,9,Dec 2014,2714,2801,2788
4168119,Ian Nepomniachtchi,RU,9,Nov 2014,2714,2801,2880
4168119,Ian Nepomniachtchi,RU,9,Oct 2014,2714,2801,2880
4168119,Ian Nepomniachtchi,RU,9,Sep 2014,2710,2801,2880
4168119,Ian Nepomniachtchi,RU,9,Aug 2014,2714,2771,2880
4168119,Ian Nepomniachtchi,RU,9,Jul 2014,2730,2771,2880
4168119,Ian Nepomniachtchi,RU,9,Jun 2014,2730,2768,2816
4168119,Ian Nepomniachtchi,RU,9,May 2014,2735,2768,2816
4168119,Ian Nepomniachtchi,RU,9,Apr 2014,2732,2768,2816
4168119,Ian Nepomniachtchi,RU,9,Mar 2014,2732,2768,2816
4168119,Ian Nepomniachtchi,RU,9,Feb 2014,2732,2797,2816
4168119,Ian Nepomniachtchi,RU,9,Jan 2014,2732,2797,2816
4168119,Ian Nepomniachtchi,RU,9,Dec 2013,2721,2799,2830
4168119,Ian Nepomniachtchi,RU,9,Nov 2013,2721,2799,2830
4168119,Ian Nepomniachtchi,RU,9,Oct 2013,2702,2804,2821
4168119,Ian Nepomniachtchi,RU,9,Sep 2013,2717,2804,2821
4168119,Ian Nepomniachtchi,RU,9,Aug 2013,2723,2804,2821
4168119,Ian Nepomniachtchi,RU,9,Jul 2013,2717,2804,2821
4168119,Ian Nepomniachtchi,RU,9,Jun 2013,2717,2762,2813
4168119,Ian Nepomniachtchi,RU,9,May 2013,2710,2762,2813
4168119,Ian Nepomniachtchi,RU,9,Apr 2013,2708,2762,2813
4168119,Ian Nepomniachtchi,RU,9,Mar 2013,2708,2762,2813
4168119,Ian Nepomniachtchi,RU,9,Feb 2013,2703,2742,2723
4168119,Ian Nepomniachtchi,RU,9,Jan 2013,2703,2737,2689
4168119,Ian Nepomniachtchi,RU,9,Dec 2012,2707,2744,2689
4168119,Ian Nepomniachtchi,RU,9,Nov 2012,2707,2761,2689
4168119,Ian Nepomniachtchi,RU,9,Oct 2012,2704,2761,2689
4168119,Ian Nepomniachtchi,RU,9,Sep 2012,2704,2761,2666
4168119,Ian Nepomniachtchi,RU,9,Aug 2012,2704,2761,2666
4168119,Ian Nepomniachtchi,RU,9,Jul 2012,2718,2718,2718
4168119,Ian Nepomniachtchi,RU,9,May 2012,2716,,
4168119,Ian Nepomniachtchi,RU,9,Mar 2012,2718,,
4168119,Ian Nepomniachtchi,RU,9,Jan 2012,2735,,
4168119,Ian Nepomniachtchi,RU,9,Nov 2011,2730,,
4168119,Ian Nepomniachtchi,RU,9,Sep 2011,2718,,
4168119,Ian Nepomniachtchi,RU,9,Jul 2011,2711,,
4168119,Ian Nepomniachtchi,RU,9,May 2011,2711,,
4168119,Ian Nepomniachtchi,RU,9,Mar 2011,2729,,
4168119,Ian Nepomniachtchi,RU,9,Jan 2011,2733,,
4168119,Ian Nepomniachtchi,RU,9,Nov 2010,2720,,
4168119,Ian Nepomniachtchi,RU,9,Sep 2010,2706,,
4168119,Ian Nepomniachtchi,RU,9,Jul 2010,2706,,
4168119,Ian Nepomniachtchi,RU,9,May 2010,2695,,
4168119,Ian Nepomniachtchi,RU,9,Mar 2010,2656,,
4168119,Ian Nepomniachtchi,RU,9,Jan 2010,2658,,
4168119,Ian Nepomniachtchi,RU,9,Nov 2009,2626,,
4168119,Ian Nepomniachtchi,RU,9,Sep 2009,2632,,
4168119,Ian Nepomniachtchi,RU,9,Jul 2009,2632,,
4168119,Ian Nepomniachtchi,RU,9,Apr 2009,2624,,
4168119,Ian Nepomniachtchi,RU,9,Jan 2009,2628,,
4168119,Ian Nepomniachtchi,RU,9,Oct 2008,2616,,
4168119,Ian Nepomniachtchi,RU,9,Jul 2008,2602,,
4168119,Ian Nepomniachtchi,RU,9,Apr 2008,2634,,
4168119,Ian Nepomniachtchi,RU,9,Jan 2008,2600,,
4168119,Ian Nepomniachtchi,RU,9,Oct 2007,2611,,
4168119,Ian Nepomniachtchi,RU,9,Jul 2007,2613,,
4168119,Ian Nepomniachtchi,RU,9,Apr 2007,2602,,
4168119,Ian Nepomniachtchi,RU,9,Jan 2007,2587,,
4168119,Ian Nepomniachtchi,RU,9,Oct 2006,2545,,
4168119,Ian Nepomniachtchi,RU,9,Jul 2006,2525,,
4168119,Ian Nepomniachtchi,RU,9,Apr 2006,2506,,
4168119,Ian Nepomniachtchi,RU,9,Jan 2006,2506,,
4168119,Ian Nepomniachtchi,RU,9,Oct 2005,2519,,
4168119,Ian Nepomniachtchi,RU,9,Jul 2005,2502,,
4168119,Ian Nepomniachtchi,RU,9,Apr 2005,2505,,
4168119,Ian Nepomniachtchi,RU,9,Jan 2005,2483,,
4168119,Ian Nepomniachtchi,RU,9,Oct 2004,2492,,
4168119,Ian Nepomniachtchi,RU,9,Jul 2004,2476,,
4168119,Ian Nepomniachtchi,RU,9,Apr 2004,2445,,
4168119,Ian Nepomniachtchi,RU,9,Jan 2004,2433,,
4168119,Ian Nepomniachtchi,RU,9,Oct 2003,2447,,
4168119,Ian Nepomniachtchi,RU,9,Jul 2003,2432,,
4168119,Ian Nepomniachtchi,RU,9,Apr 2003,2419,,
4168119,Ian Nepomniachtchi,RU,9,Jan 2003,2368,,
4168119,Ian Nepomniachtchi,RU,9,Oct 2002,2344,,
4168119,Ian Nepomniachtchi,RU,9,Jul 2002,2306,,
4168119,Ian Nepomniachtchi,RU,9,Apr 2002,2280,,
4168119,Ian Nepomniachtchi,RU,9,Jan 2002,2280,,
4168119,Ian Nepomniachtchi,RU,9,Oct 2001,2281,,
4168119,Ian Nepomniachtchi,RU,9,Jul 2001,2243,,
8603405,Yi Wei,CN,8,Feb 2025,2755,2746,2711
8603405,Yi Wei,CN,8,Jan 2025,2751,2746,2711
8603405,Yi Wei,CN,8,Dec 2024,2753,2760,2719
8603405,Yi Wei,CN,8,Nov 2024,2753,2764,2719
8603405,Yi Wei,CN,8,Oct 2024,2763,2782,2719
8603405,Yi Wei,CN,8,Sep 2024,2762,2782,2719
8603405,Yi Wei,CN,8,Aug 2024,2762,2771,2721
8603405,Yi Wei,CN,8,Jul 2024,2755,2771,2721
8603405,Yi Wei,CN,8,Jun 2024,2755,2771,2721
8603405,Yi Wei,CN,8,May 2024,2755,2758,2684
8603405,Yi Wei,CN,8,Apr 2024,2755,2743,2684
8603405,Yi Wei,CN,8,Mar 2024,2755,2743,2684
8603405,Yi Wei,CN,8,Feb 2024,2755,2743,2684
8603405,Yi Wei,CN,8,Jan 2024,2740,2744,2684
8603405,Yi Wei,CN,8,Dec 2023,2729,2744,2684
8603405,Yi Wei,CN,8,Nov 2023,2729,2744,2684
8603405,Yi Wei,CN,8,Oct 2023,2726,2741,2684
8603405,Yi Wei,CN,8,Sep 2023,2726,2735,2684
8603405,Yi Wei,CN,8,Aug 2023,2726,2741,2684
8603405,Yi Wei,CN,8,Jul 2023,2726,2708,2686
8603405,Yi Wei,CN,8,Jun 2023,2722,2716,2686
8603405,Yi Wei,CN,8,May 2023,2722,2716,2686
8603405,Yi Wei,CN,8,Apr 2023,2722,2716,2686
8603405,Yi Wei,CN,8,Mar 2023,2722,2716,2686
8603405,Yi Wei,CN,8,Feb 2023,2722,2716,2686
8603405,Yi Wei,CN,8,Jan 2023,2722,2716,2686
8603405,Yi Wei,CN,8,Dec 2022,2722,2716,2686
8603405,Yi Wei,CN,8,Nov 2022,2722,2716,2686
8603405,Yi Wei,CN,8,Oct 2022,2722,2716,2686
8603405,Yi Wei,CN,8,Sep 2022,2727,2718,2686
8603405,Yi Wei,CN,8,Aug 2022,2727,2752,2686
8603405,Yi Wei,CN,8,Jul 2022,2727,2752,2686
8603405,Yi Wei,CN,8,Jun 2022,2727,2752,2686
8603405,Yi Wei,CN,8,May 2022,2727,2752,2686
8603405,Yi Wei,CN,8,Apr 2022,2729,2752,2686
8603405,Yi Wei,CN,8,Mar 2022,2729,2752,2686
8603405,Yi Wei,CN,8,Feb 2022,2729,2752,2686
8603405,Yi Wei,CN,8,Jan 2022,2729,2752,2686
8603405,Yi Wei,CN,8,Dec 2021,2729,2752,2686
8603405,Yi Wei,CN,8,Nov 2021,2729,2752,2686
8603405,Yi Wei,CN,8,Oct 2021,2725,2752,2686
8603405,Yi Wei,CN,8,Sep 2021,2725,2752,2686
8603405,Yi Wei,CN,8,Aug 2021,2725,2752,2686
8603405,Yi Wei,CN,8,Jul 2021,2725,2752,2686
8603405,Yi Wei,CN,8,Jun 2021,2725,2752,2686
8603405,Yi Wei,CN,8,May 2021,2732,2752,2686
8603405,Yi Wei,CN,8,Apr 2021,2732,2752,2686
8603405,Yi Wei,CN,8,Mar 2021,2732,2752,2686
8603405,Yi Wei,CN,8,Feb 2021,2732,2752,2686
8603405,Yi Wei,CN,8,Jan 2021,2732,2752,2686
8603405,Yi Wei,CN,8,Dec 2020,2732,2752,2686
8603405,Yi Wei,CN,8,Nov 2020,2732,2752,2686
8603405,Yi Wei,CN,8,Oct 2020,2732,2752,2686
8603405,Yi Wei,CN,8,Sep 2020,2732,2752,2686
8603405,Yi Wei,CN,8,Aug 2020,2732,2752,2686
8603405,Yi Wei,CN,8,Jul 2020,2732,2752,2686
8603405,Yi Wei,CN,8,Jun 2020,2732,2752,2686
8603405,Yi Wei,CN,8,May 2020,2732,2752,2686
8603405,Yi Wei,CN,8,Apr 2020,2732,2752,2686
8603405,Yi Wei,CN,8,Mar 2020,2732,2752,2686
8603405,Yi Wei,CN,8,Feb 2020,2732,2752,2686
8603405,Yi Wei,CN,8,Jan 2020,2732,2752,2686
8603405,Yi Wei,CN,8,Dec 2019,2725,2718,2686
8603405,Yi Wei,CN,8,Nov 2019,2724,2718,2686
8603405,Yi Wei,CN,8,Oct 2019,2721,2713,2686
8603405,Yi Wei,CN,8,Sep 2019,2721,2713,2686
8603405,Yi Wei,CN,8,Aug 2019,2727,2713,2686
8603405,Yi Wei,CN,8,Jul 2019,2737,2713,2686
8603405,Yi Wei,CN,8,Jun 2019,2741,2713,2686
8603405,Yi Wei,CN,8,May 2019,2736,2698,2641
8603405,Yi Wei,CN,8,Apr 2019,2728,2698,2641
8603405,Yi Wei,CN,8,Mar 2019,2733,2698,2672
8603405,Yi Wei,CN,8,Feb 2019,2733,2698,2672
8603405,Yi Wei,CN,8,Jan 2019,2733,2698,2672
8603405,Yi Wei,CN,8,Dec 2018,2728,2698,2672
8603405,Yi Wei,CN,8,Nov 2018,2728,2698,2672
8603405,Yi Wei,CN,8,Oct 2018,2742,2698,2672
8603405,Yi Wei,CN,8,Sep 2018,2742,2698,2672
8603405,Yi Wei,CN,8,Aug 2018,2735,2685,2672
8603405,Yi Wei,CN,8,Jul 2018,2729,2685,2672
8603405,Yi Wei,CN,8,Jun 2018,2734,2682,2694
8603405,Yi Wei,CN,8,May 2018,2734,2682,2694
8603405,Yi Wei,CN,8,Apr 2018,2734,2671,2694
8603405,Yi Wei,CN,8,Mar 2018,2734,2671,2694
8603405,Yi Wei,CN,8,Feb 2018,2734,2671,2694
8603405,Yi Wei,CN,8,Jan 2018,2743,2671,2694
8603405,Yi Wei,CN,8,Dec 2017,2743,2663,2678
8603405,Yi Wei,CN,8,Nov 2017,2739,2669,2724
8603405,Yi Wei,CN,8,Oct 2017,2740,2669,2724
8603405,Yi Wei,CN,8,Sep 2017,2748,2684,2740
8603405,Yi Wei,CN,8,Aug 2017,2753,2664,2740
8603405,Yi Wei,CN,8,Jul 2017,2738,2664,2740
8603405,Yi Wei,CN,8,Jun 2017,2728,2664,2740
8603405,Yi Wei,CN,8,May 2017,2732,2664,2716
8603405,Yi Wei,CN,8,Apr 2017,2727,2664,2716
8603405,Yi Wei,CN,8,Mar 2017,2725,2664,2716
8603405,Yi Wei,CN,8,Feb 2017,2725,2664,2716
8603405,Yi Wei,CN,8,Jan 2017,2706,2664,2716
8603405,Yi Wei,CN,8,Dec 2016,2707,2609,2636
8603405,Yi Wei,CN,8,Nov 2016,2706,2609,2636
8603405,Yi Wei,CN,8,Oct 2016,2706,2609,2636
8603405,Yi Wei,CN,8,Sep 2016,2717,2609,2636
8603405,Yi Wei,CN,8,Aug 2016,2709,2633,2608
8603405,Yi Wei,CN,8,Jul 2016,2696,2633,2608
8603405,Yi Wei,CN,8,Jun 2016,2694,2633,2646
8603405,Yi Wei,CN,8,May 2016,2694,2633,2646
8603405,Yi Wei,CN,8,Apr 2016,2700,2626,2654
8603405,Yi Wei,CN,8,Mar 2016,2714,2626,2615
8603405,Yi Wei,CN,8,Feb 2016,2706,2626,2615
8603405,Yi Wei,CN,8,Jan 2016,2706,2626,2615
8603405,Yi Wei,CN,8,Dec 2015,2730,2626,2615
8603405,Yi Wei,CN,8,Nov 2015,2737,2626,2615
8603405,Yi Wei,CN,8,Oct 2015,2734,2600,2606
8603405,Yi Wei,CN,8,Sep 2015,2734,2600,2606
8603405,Yi Wei,CN,8,Aug 2015,2725,2600,2606
8603405,Yi Wei,CN,8,Jul 2015,2724,2600,2588
8603405,Yi Wei,CN,8,Jun 2015,2721,2600,2588
8603405,Yi Wei,CN,8,May 2015,2718,2600,2588
8603405,Yi Wei,CN,8,Apr 2015,2703,2600,2588
8603405,Yi Wei,CN,8,Mar 2015,2706,2600,2588
8603405,Yi Wei,CN,8,Feb 2015,2695,2600,2588
8603405,Yi Wei,CN,8,Jan 2015,2675,2600,2588
8603405,Yi Wei,CN,8,Dec 2014,2668,2600,2588
8603405,Yi Wei,CN,8,Nov 2014,2649,2600,2575
8603405,Yi Wei,CN,8,Oct 2014,2641,2600,2575
8603405,Yi Wei,CN,8,Sep 2014,2645,2600,2575
8603405,Yi Wei,CN,8,Aug 2014,2638,2600,2575
8603405,Yi Wei,CN,8,Jul 2014,2636,2600,2575
8603405,Yi Wei,CN,8,Jun 2014,2634,2579,2569
8603405,Yi Wei,CN,8,May 2014,2634,2579,2569
8603405,Yi Wei,CN,8,Apr 2014,2629,2579,2558
8603405,Yi Wei,CN,8,Mar 2014,2625,2579,2558
8603405,Yi Wei,CN,8,Feb 2014,2618,2579,2558
8603405,Yi Wei,CN,8,Jan 2014,2607,2579,2558
8603405,Yi Wei,CN,8,Dec 2013,2604,2579,2558
8603405,Yi Wei,CN,8,Nov 2013,2604,2579,2558
8603405,Yi Wei,CN,8,Oct 2013,2580,2554,2558
8603405,Yi Wei,CN,8,Sep 2013,2551,2551,2558
8603405,Yi Wei,CN,8,Aug 2013,2551,,2558
8603405,Yi Wei,CN,8,Jul 2013,2557,,2558
8603405,Yi Wei,CN,8,Jun 2013,2530,,2558
8603405,Yi Wei,CN,8,May 2013,2530,,2558
8603405,Yi Wei,CN,8,Apr 2013,2530,,2558
8603405,Yi Wei,CN,8,Mar 2013,2526,,2558
8603405,Yi Wei,CN,8,Feb 2013,2501,,2558
8603405,Yi Wei,CN,8,Jan 2013,2501,,2558
8603405,Yi Wei,CN,8,Dec 2012,2485,,2558
8603405,Yi Wei,CN,8,Nov 2012,2485,,2558
8603405,Yi Wei,CN,8,Oct 2012,2454,,2558
8603405,Yi Wei,CN,8,Sep 2012,2453,,2558
8603405,Yi Wei,CN,8,Aug 2012,2418,,2558
8603405,Yi Wei,CN,8,Jul 2012,2401,,2401
8603405,Yi Wei,CN,8,May 2012,2376,,
8603405,Yi Wei,CN,8,Mar 2012,2371,,
8603405,Yi Wei,CN,8,Jan 2012,2331,,
8603405,Yi Wei,CN,8,Nov 2011,2348,,
8603405,Yi Wei,CN,8,Sep 2011,2299,,
8603405,Yi Wei,CN,8,Jul 2011,2295,,
8603405,Yi Wei,CN,8,May 2011,2286,,
8603405,Yi Wei,CN,8,Mar 2011,2270,,
8603405,Yi Wei,CN,8,Jan 2011,2270,,
8603405,Yi Wei,CN,8,Nov 2010,2234,,
8603405,Yi Wei,CN,8,Sep 2010,2238,,
8603405,Yi Wei,CN,8,Jul 2010,2240,,
8603405,Yi Wei,CN,8,May 2010,2244,,
8603405,Yi Wei,CN,8,Mar 2010,2244,,
8603405,Yi Wei,CN,8,Jan 2010,2244,,
8603405,Yi Wei,CN,8,Nov 2009,2224,,
8603405,Yi Wei,CN,8,Sep 2009,2224,,
8603405,Yi Wei,CN,8,Jul 2009,2158,,
8603405,Yi Wei,CN,8,Apr 2009,2138,,
8603405,Yi Wei,CN,8,Jan 2009,2138,,
5000017,Viswanathan Anand,IN,10,Feb 2025,2750,2719,2739
5000017,Viswanathan Anand,IN,10,Jan 2025,2750,2719,2739
5000017,Viswanathan Anand,IN,10,Dec 2024,2750,2719,2739
5000017,Viswanathan Anand,IN,10,Nov 2024,2750,2719,2739
5000017,Viswanathan Anand,IN,10,Oct 2024,2751,2749,2739
5000017,Viswanathan Anand,IN,10,Sep 2024,2751,2749,2739
5000017,Viswanathan Anand,IN,10,Aug 2024,2751,2749,2739
5000017,Viswanathan Anand,IN,10,Jul 2024,2751,2749,2722
5000017,Viswanathan Anand,IN,10,Jun 2024,2751,2749,2722
5000017,Viswanathan Anand,IN,10,May 2024,2751,2749,2709
5000017,Viswanathan Anand,IN,10,Apr 2024,2751,2749,2709
5000017,Viswanathan Anand,IN,10,Mar 2024,2751,2749,2709
5000017,Viswanathan Anand,IN,10,Feb 2024,2748,2749,2709
5000017,Viswanathan Anand,IN,10,Jan 2024,2748,2749,2709
5000017,Viswanathan Anand,IN,10,Dec 2023,2748,2749,2709
5000017,Viswanathan Anand,IN,10,Nov 2023,2748,2749,2709
5000017,Viswanathan Anand,IN,10,Oct 2023,2754,2749,2709
5000017,Viswanathan Anand,IN,10,Sep 2023,2754,2745,2709
5000017,Viswanathan Anand,IN,10,Aug 2023,2754,2751,2709
5000017,Viswanathan Anand,IN,10,Jul 2023,2754,2731,2733
5000017,Viswanathan Anand,IN,10,Jun 2023,2754,2731,2733
5000017,Viswanathan Anand,IN,10,May 2023,2754,2731,2733
5000017,Viswanathan Anand,IN,10,Apr 2023,2754,2731,2733
5000017,Viswanathan Anand,IN,10,Mar 2023,2754,2731,2733
5000017,Viswanathan Anand,IN,10,Feb 2023,2754,2731,2733
5000017,Viswanathan Anand,IN,10,Jan 2023,2754,2731,2733
5000017,Viswanathan Anand,IN,10,Dec 2022,2754,2731,2733
5000017,Viswanathan Anand,IN,10,Nov 2022,2754,2731,2733
5000017,Viswanathan Anand,IN,10,Oct 2022,2756,2731,2733
5000017,Viswanathan Anand,IN,10,Sep 2022,2756,2731,2733
5000017,Viswanathan Anand,IN,10,Aug 2022,2756,2731,2733
5000017,Viswanathan Anand,IN,10,Jul 2022,2756,2731,2733
5000017,Viswanathan Anand,IN,10,Jun 2022,2751,2731,2728
5000017,Viswanathan Anand,IN,10,May 2022,2751,2675,2759
5000017,Viswanathan Anand,IN,10,Apr 2022,2751,2675,2759
5000017,Viswanathan Anand,IN,10,Mar 2022,2751,2675,2759
5000017,Viswanathan Anand,IN,10,Feb 2022,2751,2675,2759
5000017,Viswanathan Anand,IN,10,Jan 2022,2751,2675,2759
5000017,Viswanathan Anand,IN,10,Dec 2021,2751,2748,2825
5000017,Viswanathan Anand,IN,10,Nov 2021,2751,2748,2825
5000017,Viswanathan Anand,IN,10,Oct 2021,2753,2748,2825
5000017,Viswanathan Anand,IN,10,Sep 2021,2753,2748,2825
5000017,Viswanathan Anand,IN,10,Aug 2021,2753,2748,2825
5000017,Viswanathan Anand,IN,10,Jul 2021,2753,2751,2785
5000017,Viswanathan Anand,IN,10,Jun 2021,2753,2751,2785
5000017,Viswanathan Anand,IN,10,May 2021,2753,2751,2785
5000017,Viswanathan Anand,IN,10,Apr 2021,2753,2751,2785
5000017,Viswanathan Anand,IN,10,Mar 2021,2753,2751,2785
5000017,Viswanathan Anand,IN,10,Feb 2021,2753,2751,2785
5000017,Viswanathan Anand,IN,10,Jan 2021,2753,2751,2785
5000017,Viswanathan Anand,IN,10,Dec 2020,2753,2751,2785
5000017,Viswanathan Anand,IN,10,Nov 2020,2753,2751,2785
5000017,Viswanathan Anand,IN,10,Oct 2020,2753,2751,2785
5000017,Viswanathan Anand,IN,10,Sep 2020,2753,2751,2785
5000017,Viswanathan Anand,IN,10,Aug 2020,2753,2751,2785
5000017,Viswanathan Anand,IN,10,Jul 2020,2753,2751,2785
5000017,Viswanathan Anand,IN,10,Jun 2020,2753,2751,2785
5000017,Viswanathan Anand,IN,10,May 2020,2753,2751,2785
5000017,Viswanathan Anand,IN,10,Apr 2020,2753,2751,2785
5000017,Viswanathan Anand,IN,10,Mar 2020,2753,2751,2785
5000017,Viswanathan Anand,IN,10,Feb 2020,2755,2751,2785
5000017,Viswanathan Anand,IN,10,Jan 2020,2758,2751,2785
5000017,Viswanathan Anand,IN,10,Dec 2019,2757,2751,2785
5000017,Viswanathan Anand,IN,10,Nov 2019,2757,2757,2791
5000017,Viswanathan Anand,IN,10,Oct 2019,2765,2757,2791
5000017,Viswanathan Anand,IN,10,Sep 2019,2765,2757,2791
5000017,Viswanathan Anand,IN,10,Aug 2019,2756,2757,2730
5000017,Viswanathan Anand,IN,10,Jul 2019,2764,2735,2730
5000017,Viswanathan Anand,IN,10,Jun 2019,2767,2735,2747
5000017,Viswanathan Anand,IN,10,May 2019,2774,2733,2747
5000017,Viswanathan Anand,IN,10,Apr 2019,2774,2733,2747
5000017,Viswanathan Anand,IN,10,Mar 2019,2779,2733,2747
5000017,Viswanathan Anand,IN,10,Feb 2019,2779,2733,2747
5000017,Viswanathan Anand,IN,10,Jan 2019,2773,2733,2747
5000017,Viswanathan Anand,IN,10,Dec 2018,2773,2723,2832
5000017,Viswanathan Anand,IN,10,Nov 2018,2773,2737,2786
5000017,Viswanathan Anand,IN,10,Oct 2018,2771,2737,2786
5000017,Viswanathan Anand,IN,10,Sep 2018,2771,2737,2786
5000017,Viswanathan Anand,IN,10,Aug 2018,2768,2758,2812
5000017,Viswanathan Anand,IN,10,Jul 2018,2768,2758,2812
5000017,Viswanathan Anand,IN,10,Jun 2018,2759,2822,2817
5000017,Viswanathan Anand,IN,10,May 2018,2760,2822,2784
5000017,Viswanathan Anand,IN,10,Apr 2018,2776,2822,2784
5000017,Viswanathan Anand,IN,10,Mar 2018,2776,2805,2801
5000017,Viswanathan Anand,IN,10,Feb 2018,2779,2805,2801
5000017,Viswanathan Anand,IN,10,Jan 2018,2767,2805,2801
5000017,Viswanathan Anand,IN,10,Dec 2017,2782,2758,2736
5000017,Viswanathan Anand,IN,10,Nov 2017,2782,2758,2736
5000017,Viswanathan Anand,IN,10,Oct 2017,2783,2758,2736
5000017,Viswanathan Anand,IN,10,Sep 2017,2794,2758,2736
5000017,Viswanathan Anand,IN,10,Aug 2017,2783,2778,2756
5000017,Viswanathan Anand,IN,10,Jul 2017,2783,2789,2766
5000017,Viswanathan Anand,IN,10,Jun 2017,2786,2789,2766
5000017,Viswanathan Anand,IN,10,May 2017,2786,2789,2766
5000017,Viswanathan Anand,IN,10,Apr 2017,2786,2789,2766
5000017,Viswanathan Anand,IN,10,Mar 2017,2786,2789,2766
5000017,Viswanathan Anand,IN,10,Feb 2017,2786,2789,2766
5000017,Viswanathan Anand,IN,10,Jan 2017,2786,2789,2766
5000017,Viswanathan Anand,IN,10,Dec 2016,2779,2802,2754
5000017,Viswanathan Anand,IN,10,Nov 2016,2779,2802,2754
5000017,Viswanathan Anand,IN,10,Oct 2016,2776,2802,2754
5000017,Viswanathan Anand,IN,10,Sep 2016,2776,2802,2790
5000017,Viswanathan Anand,IN,10,Aug 2016,2770,2802,2790
5000017,Viswanathan Anand,IN,10,Jul 2016,2770,2802,2790
5000017,Viswanathan Anand,IN,10,Jun 2016,2770,2795,2764
5000017,Viswanathan Anand,IN,10,May 2016,2770,2795,2764
5000017,Viswanathan Anand,IN,10,Apr 2016,2770,2795,2764
5000017,Viswanathan Anand,IN,10,Mar 2016,2762,2795,2764
5000017,Viswanathan Anand,IN,10,Feb 2016,2784,2777,2764
5000017,Viswanathan Anand,IN,10,Jan 2016,2784,2777,2764
5000017,Viswanathan Anand,IN,10,Dec 2015,2796,2777,2764
5000017,Viswanathan Anand,IN,10,Nov 2015,2803,2777,2764
5000017,Viswanathan Anand,IN,10,Oct 2015,2803,2799,2791
5000017,Viswanathan Anand,IN,10,Sep 2015,2816,2799,2791
5000017,Viswanathan Anand,IN,10,Aug 2015,2816,2799,2791
5000017,Viswanathan Anand,IN,10,Jul 2015,2816,2799,2791
5000017,Viswanathan Anand,IN,10,Jun 2015,2804,2799,2767
5000017,Viswanathan Anand,IN,10,May 2015,2804,2799,2767
5000017,Viswanathan Anand,IN,10,Apr 2015,2791,2799,2767
5000017,Viswanathan Anand,IN,10,Mar 2015,2791,2799,2767
5000017,Viswanathan Anand,IN,10,Feb 2015,2797,2807,2767
5000017,Viswanathan Anand,IN,10,Jan 2015,2797,2807,2767
5000017,Viswanathan Anand,IN,10,Dec 2014,2793,2808,2811
5000017,Viswanathan Anand,IN,10,Nov 2014,2792,2808,2811
5000017,Viswanathan Anand,IN,10,Oct 2014,2785,2808,2811
5000017,Viswanathan Anand,IN,10,Sep 2014,2785,2808,2811
5000017,Viswanathan Anand,IN,10,Aug 2014,2785,2808,2811
5000017,Viswanathan Anand,IN,10,Jul 2014,2785,2808,2811
5000017,Viswanathan Anand,IN,10,Jun 2014,2785,2770,2827
5000017,Viswanathan Anand,IN,10,May 2014,2785,2770,2827
5000017,Viswanathan Anand,IN,10,Apr 2014,2785,2770,2827
5000017,Viswanathan Anand,IN,10,Mar 2014,2770,2770,2827
5000017,Viswanathan Anand,IN,10,Feb 2014,2773,2800,2827
5000017,Viswanathan Anand,IN,10,Jan 2014,2773,2800,2827
5000017,Viswanathan Anand,IN,10,Dec 2013,2773,2794,2827
5000017,Viswanathan Anand,IN,10,Nov 2013,2775,2794,2827
5000017,Viswanathan Anand,IN,10,Oct 2013,2775,2794,2827
5000017,Viswanathan Anand,IN,10,Sep 2013,2775,2794,2827
5000017,Viswanathan Anand,IN,10,Aug 2013,2775,2794,2827
5000017,Viswanathan Anand,IN,10,Jul 2013,2775,2794,2827
5000017,Viswanathan Anand,IN,10,Jun 2013,2786,2794,2786
5000017,Viswanathan Anand,IN,10,May 2013,2783,2794,
5000017,Viswanathan Anand,IN,10,Apr 2013,2783,2794,
5000017,Viswanathan Anand,IN,10,Mar 2013,2784,2794,
5000017,Viswanathan Anand,IN,10,Feb 2013,2780,2794,
5000017,Viswanathan Anand,IN,10,Jan 2013,2772,2794,
5000017,Viswanathan Anand,IN,10,Dec 2012,2775,2794,
5000017,Viswanathan Anand,IN,10,Nov 2012,2775,2794,
5000017,Viswanathan Anand,IN,10,Oct 2012,2780,2794,
5000017,Viswanathan Anand,IN,10,Sep 2012,2780,2794,
5000017,Viswanathan Anand,IN,10,Aug 2012,2780,2794,
5000017,Viswanathan Anand,IN,10,Jul 2012,2780,2794,
5000017,Viswanathan Anand,IN,10,May 2012,2791,2791,
5000017,Viswanathan Anand,IN,10,Mar 2012,2799,,
5000017,Viswanathan Anand,IN,10,Jan 2012,2799,,
5000017,Viswanathan Anand,IN,10,Nov 2011,2811,,
5000017,Viswanathan Anand,IN,10,Sep 2011,2817,,
5000017,Viswanathan Anand,IN,10,Jul 2011,2817,,
5000017,Viswanathan Anand,IN,10,May 2011,2817,,
5000017,Viswanathan Anand,IN,10,Mar 2011,2817,,
5000017,Viswanathan Anand,IN,10,Jan 2011,2810,,
5000017,Viswanathan Anand,IN,10,Nov 2010,2804,,
5000017,Viswanathan Anand,IN,10,Sep 2010,2800,,
5000017,Viswanathan Anand,IN,10,Jul 2010,2800,,
5000017,Viswanathan Anand,IN,10,May 2010,2789,,
5000017,Viswanathan Anand,IN,10,Mar 2010,2787,,
5000017,Viswanathan Anand,IN,10,Jan 2010,2790,,
5000017,Viswanathan Anand,IN,10,Nov 2009,2788,,
5000017,Viswanathan Anand,IN,10,Sep 2009,2788,,
5000017,Viswanathan Anand,IN,10,Jul 2009,2788,,
5000017,Viswanathan Anand,IN,10,Apr 2009,2783,,
5000017,Viswanathan Anand,IN,10,Jan 2009,2791,,
5000017,Viswanathan Anand,IN,10,Oct 2008,2783,,
5000017,Viswanathan Anand,IN,10,Jul 2008,2798,,
5000017,Viswanathan Anand,IN,10,Apr 2008,2803,,
5000017,Viswanathan Anand,IN,10,Jan 2008,2799,,
5000017,Viswanathan Anand,IN,10,Oct 2007,2801,,
5000017,Viswanathan Anand,IN,10,Jul 2007,2792,,
5000017,Viswanathan Anand,IN,10,Apr 2007,2786,,
5000017,Viswanathan Anand,IN,10,Jan 2007,2779,,
5000017,Viswanathan Anand,IN,10,Oct 2006,2779,,
5000017,Viswanathan Anand,IN,10,Jul 2006,2779,,
5000017,Viswanathan Anand,IN,10,Apr 2006,2803,,
5000017,Viswanathan Anand,IN,10,Jan 2006,2792,,
5000017,Viswanathan Anand,IN,10,Oct 2005,2788,,
5000017,Viswanathan Anand,IN,10,Jul 2005,2788,,
5000017,Viswanathan Anand,IN,10,Apr 2005,2785,,
5000017,Viswanathan Anand,IN,10,Jan 2005,2786,,
5000017,Viswanathan Anand,IN,10,Oct 2004,2781,,
5000017,Viswanathan Anand,IN,10,Jul 2004,2782,,
5000017,Viswanathan Anand,IN,10,Apr 2004,2774,,
5000017,Viswanathan Anand,IN,10,Jan 2004,2766,,
5000017,Viswanathan Anand,IN,10,Oct 2003,2766,,
5000017,Viswanathan Anand,IN,10,Jul 2003,2774,,
5000017,Viswanathan Anand,IN,10,Apr 2003,2764,,
5000017,Viswanathan Anand,IN,10,Jan 2003,2753,,
5000017,Viswanathan Anand,IN,10,Oct 2002,2755,,
5000017,Viswanathan Anand,IN,10,Jul 2002,2755,,
5000017,Viswanathan Anand,IN,10,Apr 2002,2752,,
5000017,Viswanathan Anand,IN,10,Jan 2002,2757,,
5000017,Viswanathan Anand,IN,10,Oct 2001,2770,,
5000017,Viswanathan Anand,IN,10,Jul 2001,2797,,
5000017,Viswanathan Anand,IN,10,Apr 2001,2794,,
5000017,Viswanathan Anand,IN,10,Jan 2001,2790,,
5000017,Viswanathan Anand,IN,10,Oct 2000,2774,,
5000017,Viswanathan Anand,IN,10,Jul 2000,2762,,
5000017,Viswanathan Anand,IN,10,Jan 2000,2769,,
