,name,country,date,search_rate
0,Magnus Carlsen,NO,Jan 2004,0
1,Magnus Carlsen,NO,Feb 2004,0
2,Magnus Carlsen,NO,Mar 2004,0
3,Magnus Carlsen,NO,Apr 2004,14
4,Magnus Carlsen,NO,May 2004,0
5,Magnus Carlsen,NO,Jun 2004,0
6,Magnus Carlsen,NO,Jul 2004,0
7,Magnus Carlsen,NO,Aug 2004,0
8,Magnus Carlsen,NO,Sep 2004,0
9,Magnus Carlsen,NO,Oct 2004,0
10,Magnus Carlsen,NO,Nov 2004,0
11,Magnus Carlsen,NO,Dec 2004,0
12,Magnus Carlsen,NO,Jan 2005,0
13,Magnus Carlsen,NO,Feb 2005,0
14,Magnus Carlsen,NO,Mar 2005,0
15,Magnus Carlsen,NO,Apr 2005,0
16,Magnus Carlsen,NO,May 2005,0
17,Magnus Carlsen,NO,Jun 2005,0
18,Magnus Carlsen,NO,Jul 2005,0
19,Magnus Carlsen,NO,Aug 2005,0
20,Magnus Carlsen,NO,Sep 2005,0
21,Magnus Carlsen,NO,Oct 2005,0
22,Magnus Carlsen,NO,Nov 2005,0
23,Magnus Carlsen,NO,Dec 2005,18
24,Magnus Carlsen,NO,Jan 2006,10
25,Magnus Carlsen,NO,Feb 2006,0
26,Magnus Carlsen,NO,Mar 2006,0
27,Magnus Carlsen,NO,Apr 2006,0
28,Magnus Carlsen,NO,May 2006,0
29,Magnus Carlsen,NO,Jun 2006,0
30,Magnus Carlsen,NO,Jul 2006,0
31,Magnus Carlsen,NO,Aug 2006,0
32,Magnus Carlsen,NO,Sep 2006,3
33,Magnus Carlsen,NO,Oct 2006,0
34,Magnus Carlsen,NO,Nov 2006,0
35,Magnus Carlsen,NO,Dec 2006,0
36,Magnus Carlsen,NO,Jan 2007,2
37,Magnus Carlsen,NO,Feb 2007,4
38,Magnus Carlsen,NO,Mar 2007,3
39,Magnus Carlsen,NO,Apr 2007,0
40,Magnus Carlsen,NO,May 2007,2
41,Magnus Carlsen,NO,Jun 2007,5
42,Magnus Carlsen,NO,Jul 2007,0
43,Magnus Carlsen,NO,Aug 2007,2
44,Magnus Carlsen,NO,Sep 2007,0
45,Magnus Carlsen,NO,Oct 2007,2
46,Magnus Carlsen,NO,Nov 2007,0
47,Magnus Carlsen,NO,Dec 2007,4
48,Magnus Carlsen,NO,Jan 2008,6
49,Magnus Carlsen,NO,Feb 2008,2
50,Magnus Carlsen,NO,Mar 2008,5
51,Magnus Carlsen,NO,Apr 2008,0
52,Magnus Carlsen,NO,May 2008,2
53,Magnus Carlsen,NO,Jun 2008,7
54,Magnus Carlsen,NO,Jul 2008,4
55,Magnus Carlsen,NO,Aug 2008,2
56,Magnus Carlsen,NO,Sep 2008,8
57,Magnus Carlsen,NO,Oct 2008,1
58,Magnus Carlsen,NO,Nov 2008,2
59,Magnus Carlsen,NO,Dec 2008,1
60,Magnus Carlsen,NO,Jan 2009,1
61,Magnus Carlsen,NO,Feb 2009,1
62,Magnus Carlsen,NO,Mar 2009,2
63,Magnus Carlsen,NO,Apr 2009,1
64,Magnus Carlsen,NO,May 2009,1
65,Magnus Carlsen,NO,Jun 2009,1
66,Magnus Carlsen,NO,Jul 2009,0
67,Magnus Carlsen,NO,Aug 2009,0
68,Magnus Carlsen,NO,Sep 2009,3
69,Magnus Carlsen,NO,Oct 2009,13
70,Magnus Carlsen,NO,Nov 2009,9
71,Magnus Carlsen,NO,Dec 2009,7
72,Magnus Carlsen,NO,Jan 2010,3
73,Magnus Carlsen,NO,Feb 2010,1
74,Magnus Carlsen,NO,Mar 2010,2
75,Magnus Carlsen,NO,Apr 2010,1
76,Magnus Carlsen,NO,May 2010,1
77,Magnus Carlsen,NO,Jun 2010,3
78,Magnus Carlsen,NO,Jul 2010,4
79,Magnus Carlsen,NO,Aug 2010,3
80,Magnus Carlsen,NO,Sep 2010,9
81,Magnus Carlsen,NO,Oct 2010,3
82,Magnus Carlsen,NO,Nov 2010,3
83,Magnus Carlsen,NO,Dec 2010,2
84,Magnus Carlsen,NO,Jan 2011,3
85,Magnus Carlsen,NO,Feb 2011,2
86,Magnus Carlsen,NO,Mar 2011,2
87,Magnus Carlsen,NO,Apr 2011,1
88,Magnus Carlsen,NO,May 2011,1
89,Magnus Carlsen,NO,Jun 2011,2
90,Magnus Carlsen,NO,Jul 2011,2
91,Magnus Carlsen,NO,Aug 2011,1
92,Magnus Carlsen,NO,Sep 2011,2
93,Magnus Carlsen,NO,Oct 2011,4
94,Magnus Carlsen,NO,Nov 2011,2
95,Magnus Carlsen,NO,Dec 2011,4
96,Magnus Carlsen,NO,Jan 2012,3
97,Magnus Carlsen,NO,Feb 2012,6
98,Magnus Carlsen,NO,Mar 2012,2
99,Magnus Carlsen,NO,Apr 2012,2
100,Magnus Carlsen,NO,May 2012,2
101,Magnus Carlsen,NO,Jun 2012,2
102,Magnus Carlsen,NO,Jul 2012,1
103,Magnus Carlsen,NO,Aug 2012,1
104,Magnus Carlsen,NO,Sep 2012,2
105,Magnus Carlsen,NO,Oct 2012,2
106,Magnus Carlsen,NO,Nov 2012,2
107,Magnus Carlsen,NO,Dec 2012,13
108,Magnus Carlsen,NO,Jan 2013,4
109,Magnus Carlsen,NO,Feb 2013,2
110,Magnus Carlsen,NO,Mar 2013,8
111,Magnus Carlsen,NO,Apr 2013,9
112,Magnus Carlsen,NO,May 2013,4
113,Magnus Carlsen,NO,Jun 2013,2
114,Magnus Carlsen,NO,Jul 2013,1
115,Magnus Carlsen,NO,Aug 2013,2
116,Magnus Carlsen,NO,Sep 2013,2
117,Magnus Carlsen,NO,Oct 2013,3
118,Magnus Carlsen,NO,Nov 2013,100
119,Magnus Carlsen,NO,Dec 2013,14
120,Magnus Carlsen,NO,Jan 2014,13
121,Magnus Carlsen,NO,Feb 2014,10
122,Magnus Carlsen,NO,Mar 2014,5
123,Magnus Carlsen,NO,Apr 2014,6
124,Magnus Carlsen,NO,May 2014,5
125,Magnus Carlsen,NO,Jun 2014,6
126,Magnus Carlsen,NO,Jul 2014,3
127,Magnus Carlsen,NO,Aug 2014,7
128,Magnus Carlsen,NO,Sep 2014,5
129,Magnus Carlsen,NO,Oct 2014,3
130,Magnus Carlsen,NO,Nov 2014,35
131,Magnus Carlsen,NO,Dec 2014,7
132,Magnus Carlsen,NO,Jan 2015,8
133,Magnus Carlsen,NO,Feb 2015,9
134,Magnus Carlsen,NO,Mar 2015,3
135,Magnus Carlsen,NO,Apr 2015,5
136,Magnus Carlsen,NO,May 2015,4
137,Magnus Carlsen,NO,Jun 2015,5
138,Magnus Carlsen,NO,Jul 2015,2
139,Magnus Carlsen,NO,Aug 2015,4
140,Magnus Carlsen,NO,Sep 2015,3
141,Magnus Carlsen,NO,Oct 2015,9
142,Magnus Carlsen,NO,Nov 2015,3
143,Magnus Carlsen,NO,Dec 2015,6
144,Magnus Carlsen,NO,Jan 2016,5
145,Magnus Carlsen,NO,Feb 2016,3
146,Magnus Carlsen,NO,Mar 2016,3
147,Magnus Carlsen,NO,Apr 2016,6
148,Magnus Carlsen,NO,May 2016,4
149,Magnus Carlsen,NO,Jun 2016,4
150,Magnus Carlsen,NO,Jul 2016,3
151,Magnus Carlsen,NO,Aug 2016,3
152,Magnus Carlsen,NO,Sep 2016,5
153,Magnus Carlsen,NO,Oct 2016,4
154,Magnus Carlsen,NO,Nov 2016,47
155,Magnus Carlsen,NO,Dec 2016,31
156,Magnus Carlsen,NO,Jan 2017,11
157,Magnus Carlsen,NO,Feb 2017,5
158,Magnus Carlsen,NO,Mar 2017,4
159,Magnus Carlsen,NO,Apr 2017,3
160,Magnus Carlsen,NO,May 2017,2
161,Magnus Carlsen,NO,Jun 2017,5
162,Magnus Carlsen,NO,Jul 2017,4
163,Magnus Carlsen,NO,Aug 2017,2
164,Magnus Carlsen,NO,Sep 2017,2
165,Magnus Carlsen,NO,Oct 2017,2
166,Magnus Carlsen,NO,Nov 2017,3
167,Magnus Carlsen,NO,Dec 2017,16
168,Magnus Carlsen,NO,Jan 2018,6
169,Magnus Carlsen,NO,Feb 2018,9
170,Magnus Carlsen,NO,Mar 2018,3
171,Magnus Carlsen,NO,Apr 2018,2
172,Magnus Carlsen,NO,May 2018,3
173,Magnus Carlsen,NO,Jun 2018,4
174,Magnus Carlsen,NO,Jul 2018,2
175,Magnus Carlsen,NO,Aug 2018,4
176,Magnus Carlsen,NO,Sep 2018,2
177,Magnus Carlsen,NO,Oct 2018,3
178,Magnus Carlsen,NO,Nov 2018,46
179,Magnus Carlsen,NO,Dec 2018,24
180,Magnus Carlsen,NO,Jan 2019,9
181,Magnus Carlsen,NO,Feb 2019,3
182,Magnus Carlsen,NO,Mar 2019,2
183,Magnus Carlsen,NO,Apr 2019,6
184,Magnus Carlsen,NO,May 2019,4
185,Magnus Carlsen,NO,Jun 2019,7
186,Magnus Carlsen,NO,Jul 2019,4
187,Magnus Carlsen,NO,Aug 2019,3
188,Magnus Carlsen,NO,Sep 2019,2
189,Magnus Carlsen,NO,Oct 2019,7
190,Magnus Carlsen,NO,Nov 2019,6
191,Magnus Carlsen,NO,Dec 2019,19
192,Magnus Carlsen,NO,Jan 2020,8
193,Magnus Carlsen,NO,Feb 2020,5
194,Magnus Carlsen,NO,Mar 2020,2
195,Magnus Carlsen,NO,Apr 2020,7
196,Magnus Carlsen,NO,May 2020,9
197,Magnus Carlsen,NO,Jun 2020,6
198,Magnus Carlsen,NO,Jul 2020,7
199,Magnus Carlsen,NO,Aug 2020,9
200,Magnus Carlsen,NO,Sep 2020,5
201,Magnus Carlsen,NO,Oct 2020,7
202,Magnus Carlsen,NO,Nov 2020,8
203,Magnus Carlsen,NO,Dec 2020,9
204,Magnus Carlsen,NO,Jan 2021,6
205,Magnus Carlsen,NO,Feb 2021,6
206,Magnus Carlsen,NO,Mar 2021,4
207,Magnus Carlsen,NO,Apr 2021,5
208,Magnus Carlsen,NO,May 2021,4
209,Magnus Carlsen,NO,Jun 2021,3
210,Magnus Carlsen,NO,Jul 2021,3
211,Magnus Carlsen,NO,Aug 2021,3
212,Magnus Carlsen,NO,Sep 2021,6
213,Magnus Carlsen,NO,Oct 2021,3
214,Magnus Carlsen,NO,Nov 2021,9
215,Magnus Carlsen,NO,Dec 2021,28
216,Magnus Carlsen,NO,Jan 2022,6
217,Magnus Carlsen,NO,Feb 2022,4
218,Magnus Carlsen,NO,Mar 2022,5
219,Magnus Carlsen,NO,Apr 2022,3
220,Magnus Carlsen,NO,May 2022,2
221,Magnus Carlsen,NO,Jun 2022,3
222,Magnus Carlsen,NO,Jul 2022,4
223,Magnus Carlsen,NO,Aug 2022,3
224,Magnus Carlsen,NO,Sep 2022,12
225,Magnus Carlsen,NO,Oct 2022,8
226,Magnus Carlsen,NO,Nov 2022,4
227,Magnus Carlsen,NO,Dec 2022,16
228,Magnus Carlsen,NO,Jan 2023,11
229,Magnus Carlsen,NO,Feb 2023,6
230,Magnus Carlsen,NO,Mar 2023,4
231,Magnus Carlsen,NO,Apr 2023,4
232,Magnus Carlsen,NO,May 2023,3
233,Magnus Carlsen,NO,Jun 2023,4
234,Magnus Carlsen,NO,Jul 2023,3
235,Magnus Carlsen,NO,Aug 2023,6
236,Magnus Carlsen,NO,Sep 2023,4
237,Magnus Carlsen,NO,Oct 2023,3
238,Magnus Carlsen,NO,Nov 2023,2
239,Magnus Carlsen,NO,Dec 2023,16
240,Magnus Carlsen,NO,Jan 2024,4
241,Magnus Carlsen,NO,Feb 2024,5
242,Magnus Carlsen,NO,Mar 2024,4
243,Magnus Carlsen,NO,Apr 2024,3
244,Magnus Carlsen,NO,May 2024,3
245,Magnus Carlsen,NO,Jun 2024,3
246,Magnus Carlsen,NO,Jul 2024,3
247,Magnus Carlsen,NO,Aug 2024,2
248,Magnus Carlsen,NO,Sep 2024,5
249,Magnus Carlsen,NO,Oct 2024,2
250,Magnus Carlsen,NO,Nov 2024,2
251,Magnus Carlsen,NO,Dec 2024,25
252,Magnus Carlsen,NO,Jan 2025,21
253,Fabiano Caruana,US,Jan 2004,0
254,Fabiano Caruana,US,Feb 2004,0
255,Fabiano Caruana,US,Mar 2004,0
256,Fabiano Caruana,US,Apr 2004,0
257,Fabiano Caruana,US,May 2004,0
258,Fabiano Caruana,US,Jun 2004,0
259,Fabiano Caruana,US,Jul 2004,0
260,Fabiano Caruana,US,Aug 2004,0
261,Fabiano Caruana,US,Sep 2004,0
262,Fabiano Caruana,US,Oct 2004,0
263,Fabiano Caruana,US,Nov 2004,0
264,Fabiano Caruana,US,Dec 2004,0
265,Fabiano Caruana,US,Jan 2005,0
266,Fabiano Caruana,US,Feb 2005,0
267,Fabiano Caruana,US,Mar 2005,0
268,Fabiano Caruana,US,Apr 2005,0
269,Fabiano Caruana,US,May 2005,0
270,Fabiano Caruana,US,Jun 2005,0
271,Fabiano Caruana,US,Jul 2005,0
272,Fabiano Caruana,US,Aug 2005,0
273,Fabiano Caruana,US,Sep 2005,0
274,Fabiano Caruana,US,Oct 2005,0
275,Fabiano Caruana,US,Nov 2005,0
276,Fabiano Caruana,US,Dec 2005,0
277,Fabiano Caruana,US,Jan 2006,0
278,Fabiano Caruana,US,Feb 2006,0
279,Fabiano Caruana,US,Mar 2006,0
280,Fabiano Caruana,US,Apr 2006,0
281,Fabiano Caruana,US,May 2006,0
282,Fabiano Caruana,US,Jun 2006,0
283,Fabiano Caruana,US,Jul 2006,0
284,Fabiano Caruana,US,Aug 2006,0
285,Fabiano Caruana,US,Sep 2006,0
286,Fabiano Caruana,US,Oct 2006,0
287,Fabiano Caruana,US,Nov 2006,0
288,Fabiano Caruana,US,Dec 2006,0
289,Fabiano Caruana,US,Jan 2007,0
290,Fabiano Caruana,US,Feb 2007,0
291,Fabiano Caruana,US,Mar 2007,0
292,Fabiano Caruana,US,Apr 2007,0
293,Fabiano Caruana,US,May 2007,0
294,Fabiano Caruana,US,Jun 2007,0
295,Fabiano Caruana,US,Jul 2007,0
296,Fabiano Caruana,US,Aug 2007,0
297,Fabiano Caruana,US,Sep 2007,0
298,Fabiano Caruana,US,Oct 2007,0
299,Fabiano Caruana,US,Nov 2007,0
300,Fabiano Caruana,US,Dec 2007,0
301,Fabiano Caruana,US,Jan 2008,0
302,Fabiano Caruana,US,Feb 2008,0
303,Fabiano Caruana,US,Mar 2008,0
304,Fabiano Caruana,US,Apr 2008,0
305,Fabiano Caruana,US,May 2008,0
306,Fabiano Caruana,US,Jun 2008,0
307,Fabiano Caruana,US,Jul 2008,0
308,Fabiano Caruana,US,Aug 2008,0
309,Fabiano Caruana,US,Sep 2008,0
310,Fabiano Caruana,US,Oct 2008,0
311,Fabiano Caruana,US,Nov 2008,0
312,Fabiano Caruana,US,Dec 2008,0
313,Fabiano Caruana,US,Jan 2009,0
314,Fabiano Caruana,US,Feb 2009,0
315,Fabiano Caruana,US,Mar 2009,0
316,Fabiano Caruana,US,Apr 2009,0
317,Fabiano Caruana,US,May 2009,0
318,Fabiano Caruana,US,Jun 2009,0
319,Fabiano Caruana,US,Jul 2009,4
320,Fabiano Caruana,US,Aug 2009,0
321,Fabiano Caruana,US,Sep 2009,0
322,Fabiano Caruana,US,Oct 2009,0
323,Fabiano Caruana,US,Nov 2009,0
324,Fabiano Caruana,US,Dec 2009,0
325,Fabiano Caruana,US,Jan 2010,0
326,Fabiano Caruana,US,Feb 2010,0
327,Fabiano Caruana,US,Mar 2010,0
328,Fabiano Caruana,US,Apr 2010,0
329,Fabiano Caruana,US,May 2010,0
330,Fabiano Caruana,US,Jun 2010,0
331,Fabiano Caruana,US,Jul 2010,0
332,Fabiano Caruana,US,Aug 2010,0
333,Fabiano Caruana,US,Sep 2010,0
334,Fabiano Caruana,US,Oct 2010,0
335,Fabiano Caruana,US,Nov 2010,0
336,Fabiano Caruana,US,Dec 2010,0
337,Fabiano Caruana,US,Jan 2011,0
338,Fabiano Caruana,US,Feb 2011,0
339,Fabiano Caruana,US,Mar 2011,0
340,Fabiano Caruana,US,Apr 2011,0
341,Fabiano Caruana,US,May 2011,0
342,Fabiano Caruana,US,Jun 2011,0
343,Fabiano Caruana,US,Jul 2011,0
344,Fabiano Caruana,US,Aug 2011,0
345,Fabiano Caruana,US,Sep 2011,0
346,Fabiano Caruana,US,Oct 2011,0
347,Fabiano Caruana,US,Nov 2011,0
348,Fabiano Caruana,US,Dec 2011,0
349,Fabiano Caruana,US,Jan 2012,0
350,Fabiano Caruana,US,Feb 2012,0
351,Fabiano Caruana,US,Mar 2012,0
352,Fabiano Caruana,US,Apr 2012,0
353,Fabiano Caruana,US,May 2012,0
354,Fabiano Caruana,US,Jun 2012,0
355,Fabiano Caruana,US,Jul 2012,0
356,Fabiano Caruana,US,Aug 2012,0
357,Fabiano Caruana,US,Sep 2012,0
358,Fabiano Caruana,US,Oct 2012,0
359,Fabiano Caruana,US,Nov 2012,0
360,Fabiano Caruana,US,Dec 2012,0
361,Fabiano Caruana,US,Jan 2013,0
362,Fabiano Caruana,US,Feb 2013,0
363,Fabiano Caruana,US,Mar 2013,0
364,Fabiano Caruana,US,Apr 2013,0
365,Fabiano Caruana,US,May 2013,0
366,Fabiano Caruana,US,Jun 2013,2
367,Fabiano Caruana,US,Jul 2013,1
368,Fabiano Caruana,US,Aug 2013,2
369,Fabiano Caruana,US,Sep 2013,0
370,Fabiano Caruana,US,Oct 2013,0
371,Fabiano Caruana,US,Nov 2013,2
372,Fabiano Caruana,US,Dec 2013,0
373,Fabiano Caruana,US,Jan 2014,1
374,Fabiano Caruana,US,Feb 2014,1
375,Fabiano Caruana,US,Mar 2014,0
376,Fabiano Caruana,US,Apr 2014,0
377,Fabiano Caruana,US,May 2014,1
378,Fabiano Caruana,US,Jun 2014,2
379,Fabiano Caruana,US,Jul 2014,1
380,Fabiano Caruana,US,Aug 2014,3
381,Fabiano Caruana,US,Sep 2014,19
382,Fabiano Caruana,US,Oct 2014,4
383,Fabiano Caruana,US,Nov 2014,6
384,Fabiano Caruana,US,Dec 2014,6
385,Fabiano Caruana,US,Jan 2015,4
386,Fabiano Caruana,US,Feb 2015,3
387,Fabiano Caruana,US,Mar 2015,4
388,Fabiano Caruana,US,Apr 2015,3
389,Fabiano Caruana,US,May 2015,3
390,Fabiano Caruana,US,Jun 2015,3
391,Fabiano Caruana,US,Jul 2015,2
392,Fabiano Caruana,US,Aug 2015,3
393,Fabiano Caruana,US,Sep 2015,2
394,Fabiano Caruana,US,Oct 2015,2
395,Fabiano Caruana,US,Nov 2015,2
396,Fabiano Caruana,US,Dec 2015,0
397,Fabiano Caruana,US,Jan 2016,3
398,Fabiano Caruana,US,Feb 2016,1
399,Fabiano Caruana,US,Mar 2016,5
400,Fabiano Caruana,US,Apr 2016,5
401,Fabiano Caruana,US,May 2016,3
402,Fabiano Caruana,US,Jun 2016,2
403,Fabiano Caruana,US,Jul 2016,0
404,Fabiano Caruana,US,Aug 2016,2
405,Fabiano Caruana,US,Sep 2016,2
406,Fabiano Caruana,US,Oct 2016,2
407,Fabiano Caruana,US,Nov 2016,5
408,Fabiano Caruana,US,Dec 2016,3
409,Fabiano Caruana,US,Jan 2017,1
410,Fabiano Caruana,US,Feb 2017,2
411,Fabiano Caruana,US,Mar 2017,2
412,Fabiano Caruana,US,Apr 2017,2
413,Fabiano Caruana,US,May 2017,1
414,Fabiano Caruana,US,Jun 2017,1
415,Fabiano Caruana,US,Jul 2017,0
416,Fabiano Caruana,US,Aug 2017,2
417,Fabiano Caruana,US,Sep 2017,2
418,Fabiano Caruana,US,Oct 2017,0
419,Fabiano Caruana,US,Nov 2017,1
420,Fabiano Caruana,US,Dec 2017,2
421,Fabiano Caruana,US,Jan 2018,2
422,Fabiano Caruana,US,Feb 2018,2
423,Fabiano Caruana,US,Mar 2018,19
424,Fabiano Caruana,US,Apr 2018,9
425,Fabiano Caruana,US,May 2018,5
426,Fabiano Caruana,US,Jun 2018,5
427,Fabiano Caruana,US,Jul 2018,4
428,Fabiano Caruana,US,Aug 2018,7
429,Fabiano Caruana,US,Sep 2018,3
430,Fabiano Caruana,US,Oct 2018,6
431,Fabiano Caruana,US,Nov 2018,100
432,Fabiano Caruana,US,Dec 2018,12
433,Fabiano Caruana,US,Jan 2019,4
434,Fabiano Caruana,US,Feb 2019,3
435,Fabiano Caruana,US,Mar 2019,2
436,Fabiano Caruana,US,Apr 2019,2
437,Fabiano Caruana,US,May 2019,2
438,Fabiano Caruana,US,Jun 2019,3
439,Fabiano Caruana,US,Jul 2019,3
440,Fabiano Caruana,US,Aug 2019,3
441,Fabiano Caruana,US,Sep 2019,6
442,Fabiano Caruana,US,Oct 2019,3
443,Fabiano Caruana,US,Nov 2019,2
444,Fabiano Caruana,US,Dec 2019,2
445,Fabiano Caruana,US,Jan 2020,4
446,Fabiano Caruana,US,Feb 2020,3
447,Fabiano Caruana,US,Mar 2020,6
448,Fabiano Caruana,US,Apr 2020,4
449,Fabiano Caruana,US,May 2020,5
450,Fabiano Caruana,US,Jun 2020,7
451,Fabiano Caruana,US,Jul 2020,4
452,Fabiano Caruana,US,Aug 2020,2
453,Fabiano Caruana,US,Sep 2020,2
454,Fabiano Caruana,US,Oct 2020,4
455,Fabiano Caruana,US,Nov 2020,8
456,Fabiano Caruana,US,Dec 2020,6
457,Fabiano Caruana,US,Jan 2021,9
458,Fabiano Caruana,US,Feb 2021,6
459,Fabiano Caruana,US,Mar 2021,4
460,Fabiano Caruana,US,Apr 2021,7
461,Fabiano Caruana,US,May 2021,4
462,Fabiano Caruana,US,Jun 2021,4
463,Fabiano Caruana,US,Jul 2021,4
464,Fabiano Caruana,US,Aug 2021,3
465,Fabiano Caruana,US,Sep 2021,3
466,Fabiano Caruana,US,Oct 2021,3
467,Fabiano Caruana,US,Nov 2021,7
468,Fabiano Caruana,US,Dec 2021,12
469,Fabiano Caruana,US,Jan 2022,5
470,Fabiano Caruana,US,Feb 2022,4
471,Fabiano Caruana,US,Mar 2022,3
472,Fabiano Caruana,US,Apr 2022,2
473,Fabiano Caruana,US,May 2022,2
474,Fabiano Caruana,US,Jun 2022,10
475,Fabiano Caruana,US,Jul 2022,5
476,Fabiano Caruana,US,Aug 2022,5
477,Fabiano Caruana,US,Sep 2022,9
478,Fabiano Caruana,US,Oct 2022,10
479,Fabiano Caruana,US,Nov 2022,4
480,Fabiano Caruana,US,Dec 2022,6
481,Fabiano Caruana,US,Jan 2023,5
482,Fabiano Caruana,US,Feb 2023,4
483,Fabiano Caruana,US,Mar 2023,3
484,Fabiano Caruana,US,Apr 2023,9
485,Fabiano Caruana,US,May 2023,6
486,Fabiano Caruana,US,Jun 2023,6
487,Fabiano Caruana,US,Jul 2023,4
488,Fabiano Caruana,US,Aug 2023,11
489,Fabiano Caruana,US,Sep 2023,5
490,Fabiano Caruana,US,Oct 2023,7
491,Fabiano Caruana,US,Nov 2023,5
492,Fabiano Caruana,US,Dec 2023,10
493,Fabiano Caruana,US,Jan 2024,13
494,Fabiano Caruana,US,Feb 2024,5
495,Fabiano Caruana,US,Mar 2024,5
496,Fabiano Caruana,US,Apr 2024,23
497,Fabiano Caruana,US,May 2024,9
498,Fabiano Caruana,US,Jun 2024,7
499,Fabiano Caruana,US,Jul 2024,6
500,Fabiano Caruana,US,Aug 2024,5
501,Fabiano Caruana,US,Sep 2024,8
502,Fabiano Caruana,US,Oct 2024,6
503,Fabiano Caruana,US,Nov 2024,8
504,Fabiano Caruana,US,Dec 2024,11
505,Fabiano Caruana,US,Jan 2025,7
506,Hikaru Nakamura,US,Jan 2004,0
507,Hikaru Nakamura,US,Feb 2004,0
508,Hikaru Nakamura,US,Mar 2004,0
509,Hikaru Nakamura,US,Apr 2004,0
510,Hikaru Nakamura,US,May 2004,0
511,Hikaru Nakamura,US,Jun 2004,0
512,Hikaru Nakamura,US,Jul 2004,0
513,Hikaru Nakamura,US,Aug 2004,0
514,Hikaru Nakamura,US,Sep 2004,0
515,Hikaru Nakamura,US,Oct 2004,0
516,Hikaru Nakamura,US,Nov 2004,0
517,Hikaru Nakamura,US,Dec 2004,34
518,Hikaru Nakamura,US,Jan 2005,0
519,Hikaru Nakamura,US,Feb 2005,0
520,Hikaru Nakamura,US,Mar 2005,0
521,Hikaru Nakamura,US,Apr 2005,23
522,Hikaru Nakamura,US,May 2005,21
523,Hikaru Nakamura,US,Jun 2005,0
524,Hikaru Nakamura,US,Jul 2005,0
525,Hikaru Nakamura,US,Aug 2005,0
526,Hikaru Nakamura,US,Sep 2005,0
527,Hikaru Nakamura,US,Oct 2005,0
528,Hikaru Nakamura,US,Nov 2005,0
529,Hikaru Nakamura,US,Dec 2005,0
530,Hikaru Nakamura,US,Jan 2006,0
531,Hikaru Nakamura,US,Feb 2006,0
532,Hikaru Nakamura,US,Mar 2006,15
533,Hikaru Nakamura,US,Apr 2006,0
534,Hikaru Nakamura,US,May 2006,0
535,Hikaru Nakamura,US,Jun 2006,0
536,Hikaru Nakamura,US,Jul 2006,0
537,Hikaru Nakamura,US,Aug 2006,0
538,Hikaru Nakamura,US,Sep 2006,0
539,Hikaru Nakamura,US,Oct 2006,0
540,Hikaru Nakamura,US,Nov 2006,0
541,Hikaru Nakamura,US,Dec 2006,0
542,Hikaru Nakamura,US,Jan 2007,0
543,Hikaru Nakamura,US,Feb 2007,0
544,Hikaru Nakamura,US,Mar 2007,0
545,Hikaru Nakamura,US,Apr 2007,0
546,Hikaru Nakamura,US,May 2007,0
547,Hikaru Nakamura,US,Jun 2007,0
548,Hikaru Nakamura,US,Jul 2007,0
549,Hikaru Nakamura,US,Aug 2007,0
550,Hikaru Nakamura,US,Sep 2007,0
551,Hikaru Nakamura,US,Oct 2007,0
552,Hikaru Nakamura,US,Nov 2007,7
553,Hikaru Nakamura,US,Dec 2007,0
554,Hikaru Nakamura,US,Jan 2008,0
555,Hikaru Nakamura,US,Feb 2008,0
556,Hikaru Nakamura,US,Mar 2008,0
557,Hikaru Nakamura,US,Apr 2008,0
558,Hikaru Nakamura,US,May 2008,0
559,Hikaru Nakamura,US,Jun 2008,0
560,Hikaru Nakamura,US,Jul 2008,9
561,Hikaru Nakamura,US,Aug 2008,0
562,Hikaru Nakamura,US,Sep 2008,0
563,Hikaru Nakamura,US,Oct 2008,0
564,Hikaru Nakamura,US,Nov 2008,0
565,Hikaru Nakamura,US,Dec 2008,0
566,Hikaru Nakamura,US,Jan 2009,0
567,Hikaru Nakamura,US,Feb 2009,0
568,Hikaru Nakamura,US,Mar 2009,0
569,Hikaru Nakamura,US,Apr 2009,0
570,Hikaru Nakamura,US,May 2009,10
571,Hikaru Nakamura,US,Jun 2009,10
572,Hikaru Nakamura,US,Jul 2009,10
573,Hikaru Nakamura,US,Aug 2009,10
574,Hikaru Nakamura,US,Sep 2009,6
575,Hikaru Nakamura,US,Oct 2009,0
576,Hikaru Nakamura,US,Nov 2009,6
577,Hikaru Nakamura,US,Dec 2009,5
578,Hikaru Nakamura,US,Jan 2010,8
579,Hikaru Nakamura,US,Feb 2010,8
580,Hikaru Nakamura,US,Mar 2010,6
581,Hikaru Nakamura,US,Apr 2010,5
582,Hikaru Nakamura,US,May 2010,7
583,Hikaru Nakamura,US,Jun 2010,7
584,Hikaru Nakamura,US,Jul 2010,0
585,Hikaru Nakamura,US,Aug 2010,0
586,Hikaru Nakamura,US,Sep 2010,0
587,Hikaru Nakamura,US,Oct 2010,0
588,Hikaru Nakamura,US,Nov 2010,7
589,Hikaru Nakamura,US,Dec 2010,7
590,Hikaru Nakamura,US,Jan 2011,13
591,Hikaru Nakamura,US,Feb 2011,10
592,Hikaru Nakamura,US,Mar 2011,9
593,Hikaru Nakamura,US,Apr 2011,7
594,Hikaru Nakamura,US,May 2011,4
595,Hikaru Nakamura,US,Jun 2011,11
596,Hikaru Nakamura,US,Jul 2011,8
597,Hikaru Nakamura,US,Aug 2011,5
598,Hikaru Nakamura,US,Sep 2011,5
599,Hikaru Nakamura,US,Oct 2011,6
600,Hikaru Nakamura,US,Nov 2011,7
601,Hikaru Nakamura,US,Dec 2011,9
602,Hikaru Nakamura,US,Jan 2012,6
603,Hikaru Nakamura,US,Feb 2012,4
604,Hikaru Nakamura,US,Mar 2012,5
605,Hikaru Nakamura,US,Apr 2012,3
606,Hikaru Nakamura,US,May 2012,12
607,Hikaru Nakamura,US,Jun 2012,5
608,Hikaru Nakamura,US,Jul 2012,5
609,Hikaru Nakamura,US,Aug 2012,5
610,Hikaru Nakamura,US,Sep 2012,6
611,Hikaru Nakamura,US,Oct 2012,6
612,Hikaru Nakamura,US,Nov 2012,4
613,Hikaru Nakamura,US,Dec 2012,4
614,Hikaru Nakamura,US,Jan 2013,4
615,Hikaru Nakamura,US,Feb 2013,0
616,Hikaru Nakamura,US,Mar 2013,3
617,Hikaru Nakamura,US,Apr 2013,5
618,Hikaru Nakamura,US,May 2013,3
619,Hikaru Nakamura,US,Jun 2013,5
620,Hikaru Nakamura,US,Jul 2013,6
621,Hikaru Nakamura,US,Aug 2013,4
622,Hikaru Nakamura,US,Sep 2013,4
623,Hikaru Nakamura,US,Oct 2013,4
624,Hikaru Nakamura,US,Nov 2013,8
625,Hikaru Nakamura,US,Dec 2013,8
626,Hikaru Nakamura,US,Jan 2014,8
627,Hikaru Nakamura,US,Feb 2014,10
628,Hikaru Nakamura,US,Mar 2014,9
629,Hikaru Nakamura,US,Apr 2014,6
630,Hikaru Nakamura,US,May 2014,5
631,Hikaru Nakamura,US,Jun 2014,4
632,Hikaru Nakamura,US,Jul 2014,5
633,Hikaru Nakamura,US,Aug 2014,6
634,Hikaru Nakamura,US,Sep 2014,7
635,Hikaru Nakamura,US,Oct 2014,2
636,Hikaru Nakamura,US,Nov 2014,4
637,Hikaru Nakamura,US,Dec 2014,5
638,Hikaru Nakamura,US,Jan 2015,5
639,Hikaru Nakamura,US,Feb 2015,4
640,Hikaru Nakamura,US,Mar 2015,4
641,Hikaru Nakamura,US,Apr 2015,8
642,Hikaru Nakamura,US,May 2015,5
643,Hikaru Nakamura,US,Jun 2015,6
644,Hikaru Nakamura,US,Jul 2015,6
645,Hikaru Nakamura,US,Aug 2015,7
646,Hikaru Nakamura,US,Sep 2015,7
647,Hikaru Nakamura,US,Oct 2015,8
648,Hikaru Nakamura,US,Nov 2015,5
649,Hikaru Nakamura,US,Dec 2015,9
650,Hikaru Nakamura,US,Jan 2016,6
651,Hikaru Nakamura,US,Feb 2016,6
652,Hikaru Nakamura,US,Mar 2016,8
653,Hikaru Nakamura,US,Apr 2016,5
654,Hikaru Nakamura,US,May 2016,6
655,Hikaru Nakamura,US,Jun 2016,2
656,Hikaru Nakamura,US,Jul 2016,6
657,Hikaru Nakamura,US,Aug 2016,5
658,Hikaru Nakamura,US,Sep 2016,4
659,Hikaru Nakamura,US,Oct 2016,7
660,Hikaru Nakamura,US,Nov 2016,7
661,Hikaru Nakamura,US,Dec 2016,7
662,Hikaru Nakamura,US,Jan 2017,6
663,Hikaru Nakamura,US,Feb 2017,3
664,Hikaru Nakamura,US,Mar 2017,5
665,Hikaru Nakamura,US,Apr 2017,5
666,Hikaru Nakamura,US,May 2017,3
667,Hikaru Nakamura,US,Jun 2017,5
668,Hikaru Nakamura,US,Jul 2017,7
669,Hikaru Nakamura,US,Aug 2017,7
670,Hikaru Nakamura,US,Sep 2017,4
671,Hikaru Nakamura,US,Oct 2017,6
672,Hikaru Nakamura,US,Nov 2017,5
673,Hikaru Nakamura,US,Dec 2017,6
674,Hikaru Nakamura,US,Jan 2018,7
675,Hikaru Nakamura,US,Feb 2018,5
676,Hikaru Nakamura,US,Mar 2018,5
677,Hikaru Nakamura,US,Apr 2018,4
678,Hikaru Nakamura,US,May 2018,4
679,Hikaru Nakamura,US,Jun 2018,4
680,Hikaru Nakamura,US,Jul 2018,5
681,Hikaru Nakamura,US,Aug 2018,4
682,Hikaru Nakamura,US,Sep 2018,3
683,Hikaru Nakamura,US,Oct 2018,3
684,Hikaru Nakamura,US,Nov 2018,11
685,Hikaru Nakamura,US,Dec 2018,12
686,Hikaru Nakamura,US,Jan 2019,9
687,Hikaru Nakamura,US,Feb 2019,8
688,Hikaru Nakamura,US,Mar 2019,8
689,Hikaru Nakamura,US,Apr 2019,9
690,Hikaru Nakamura,US,May 2019,7
691,Hikaru Nakamura,US,Jun 2019,9
692,Hikaru Nakamura,US,Jul 2019,9
693,Hikaru Nakamura,US,Aug 2019,5
694,Hikaru Nakamura,US,Sep 2019,5
695,Hikaru Nakamura,US,Oct 2019,4
696,Hikaru Nakamura,US,Nov 2019,6
697,Hikaru Nakamura,US,Dec 2019,9
698,Hikaru Nakamura,US,Jan 2020,14
699,Hikaru Nakamura,US,Feb 2020,6
700,Hikaru Nakamura,US,Mar 2020,8
701,Hikaru Nakamura,US,Apr 2020,22
702,Hikaru Nakamura,US,May 2020,64
703,Hikaru Nakamura,US,Jun 2020,100
704,Hikaru Nakamura,US,Jul 2020,38
705,Hikaru Nakamura,US,Aug 2020,37
706,Hikaru Nakamura,US,Sep 2020,25
707,Hikaru Nakamura,US,Oct 2020,19
708,Hikaru Nakamura,US,Nov 2020,42
709,Hikaru Nakamura,US,Dec 2020,66
710,Hikaru Nakamura,US,Jan 2021,84
711,Hikaru Nakamura,US,Feb 2021,52
712,Hikaru Nakamura,US,Mar 2021,44
713,Hikaru Nakamura,US,Apr 2021,52
714,Hikaru Nakamura,US,May 2021,28
715,Hikaru Nakamura,US,Jun 2021,25
716,Hikaru Nakamura,US,Jul 2021,28
717,Hikaru Nakamura,US,Aug 2021,27
718,Hikaru Nakamura,US,Sep 2021,19
719,Hikaru Nakamura,US,Oct 2021,16
720,Hikaru Nakamura,US,Nov 2021,19
721,Hikaru Nakamura,US,Dec 2021,37
722,Hikaru Nakamura,US,Jan 2022,26
723,Hikaru Nakamura,US,Feb 2022,42
724,Hikaru Nakamura,US,Mar 2022,33
725,Hikaru Nakamura,US,Apr 2022,26
726,Hikaru Nakamura,US,May 2022,17
727,Hikaru Nakamura,US,Jun 2022,37
728,Hikaru Nakamura,US,Jul 2022,36
729,Hikaru Nakamura,US,Aug 2022,23
730,Hikaru Nakamura,US,Sep 2022,46
731,Hikaru Nakamura,US,Oct 2022,58
732,Hikaru Nakamura,US,Nov 2022,34
733,Hikaru Nakamura,US,Dec 2022,54
734,Hikaru Nakamura,US,Jan 2023,70
735,Hikaru Nakamura,US,Feb 2023,65
736,Hikaru Nakamura,US,Mar 2023,48
737,Hikaru Nakamura,US,Apr 2023,52
738,Hikaru Nakamura,US,May 2023,33
739,Hikaru Nakamura,US,Jun 2023,30
740,Hikaru Nakamura,US,Jul 2023,33
741,Hikaru Nakamura,US,Aug 2023,33
742,Hikaru Nakamura,US,Sep 2023,26
743,Hikaru Nakamura,US,Oct 2023,22
744,Hikaru Nakamura,US,Nov 2023,32
745,Hikaru Nakamura,US,Dec 2023,30
746,Hikaru Nakamura,US,Jan 2024,21
747,Hikaru Nakamura,US,Feb 2024,21
748,Hikaru Nakamura,US,Mar 2024,19
749,Hikaru Nakamura,US,Apr 2024,52
750,Hikaru Nakamura,US,May 2024,23
751,Hikaru Nakamura,US,Jun 2024,32
752,Hikaru Nakamura,US,Jul 2024,26
753,Hikaru Nakamura,US,Aug 2024,21
754,Hikaru Nakamura,US,Sep 2024,36
755,Hikaru Nakamura,US,Oct 2024,23
756,Hikaru Nakamura,US,Nov 2024,23
757,Hikaru Nakamura,US,Dec 2024,42
758,Hikaru Nakamura,US,Jan 2025,35
759,Arjun Erigaisi,IN,Jan 2004,0
760,Arjun Erigaisi,IN,Feb 2004,0
761,Arjun Erigaisi,IN,Mar 2004,0
762,Arjun Erigaisi,IN,Apr 2004,0
763,Arjun Erigaisi,IN,May 2004,0
764,Arjun Erigaisi,IN,Jun 2004,0
765,Arjun Erigaisi,IN,Jul 2004,0
766,Arjun Erigaisi,IN,Aug 2004,0
767,Arjun Erigaisi,IN,Sep 2004,0
768,Arjun Erigaisi,IN,Oct 2004,0
769,Arjun Erigaisi,IN,Nov 2004,0
770,Arjun Erigaisi,IN,Dec 2004,0
771,Arjun Erigaisi,IN,Jan 2005,0
772,Arjun Erigaisi,IN,Feb 2005,0
773,Arjun Erigaisi,IN,Mar 2005,0
774,Arjun Erigaisi,IN,Apr 2005,0
775,Arjun Erigaisi,IN,May 2005,0
776,Arjun Erigaisi,IN,Jun 2005,0
777,Arjun Erigaisi,IN,Jul 2005,0
778,Arjun Erigaisi,IN,Aug 2005,0
779,Arjun Erigaisi,IN,Sep 2005,0
780,Arjun Erigaisi,IN,Oct 2005,0
781,Arjun Erigaisi,IN,Nov 2005,0
782,Arjun Erigaisi,IN,Dec 2005,0
783,Arjun Erigaisi,IN,Jan 2006,0
784,Arjun Erigaisi,IN,Feb 2006,0
785,Arjun Erigaisi,IN,Mar 2006,0
786,Arjun Erigaisi,IN,Apr 2006,0
787,Arjun Erigaisi,IN,May 2006,0
788,Arjun Erigaisi,IN,Jun 2006,0
789,Arjun Erigaisi,IN,Jul 2006,0
790,Arjun Erigaisi,IN,Aug 2006,0
791,Arjun Erigaisi,IN,Sep 2006,0
792,Arjun Erigaisi,IN,Oct 2006,0
793,Arjun Erigaisi,IN,Nov 2006,0
794,Arjun Erigaisi,IN,Dec 2006,0
795,Arjun Erigaisi,IN,Jan 2007,0
796,Arjun Erigaisi,IN,Feb 2007,0
797,Arjun Erigaisi,IN,Mar 2007,0
798,Arjun Erigaisi,IN,Apr 2007,0
799,Arjun Erigaisi,IN,May 2007,0
800,Arjun Erigaisi,IN,Jun 2007,0
801,Arjun Erigaisi,IN,Jul 2007,0
802,Arjun Erigaisi,IN,Aug 2007,0
803,Arjun Erigaisi,IN,Sep 2007,0
804,Arjun Erigaisi,IN,Oct 2007,0
805,Arjun Erigaisi,IN,Nov 2007,0
806,Arjun Erigaisi,IN,Dec 2007,0
807,Arjun Erigaisi,IN,Jan 2008,0
808,Arjun Erigaisi,IN,Feb 2008,0
809,Arjun Erigaisi,IN,Mar 2008,0
810,Arjun Erigaisi,IN,Apr 2008,0
811,Arjun Erigaisi,IN,May 2008,0
812,Arjun Erigaisi,IN,Jun 2008,0
813,Arjun Erigaisi,IN,Jul 2008,0
814,Arjun Erigaisi,IN,Aug 2008,0
815,Arjun Erigaisi,IN,Sep 2008,0
816,Arjun Erigaisi,IN,Oct 2008,0
817,Arjun Erigaisi,IN,Nov 2008,0
818,Arjun Erigaisi,IN,Dec 2008,0
819,Arjun Erigaisi,IN,Jan 2009,0
820,Arjun Erigaisi,IN,Feb 2009,0
821,Arjun Erigaisi,IN,Mar 2009,0
822,Arjun Erigaisi,IN,Apr 2009,0
823,Arjun Erigaisi,IN,May 2009,0
824,Arjun Erigaisi,IN,Jun 2009,0
825,Arjun Erigaisi,IN,Jul 2009,0
826,Arjun Erigaisi,IN,Aug 2009,0
827,Arjun Erigaisi,IN,Sep 2009,0
828,Arjun Erigaisi,IN,Oct 2009,0
829,Arjun Erigaisi,IN,Nov 2009,0
830,Arjun Erigaisi,IN,Dec 2009,0
831,Arjun Erigaisi,IN,Jan 2010,0
832,Arjun Erigaisi,IN,Feb 2010,0
833,Arjun Erigaisi,IN,Mar 2010,0
834,Arjun Erigaisi,IN,Apr 2010,0
835,Arjun Erigaisi,IN,May 2010,0
836,Arjun Erigaisi,IN,Jun 2010,0
837,Arjun Erigaisi,IN,Jul 2010,0
838,Arjun Erigaisi,IN,Aug 2010,0
839,Arjun Erigaisi,IN,Sep 2010,0
840,Arjun Erigaisi,IN,Oct 2010,0
841,Arjun Erigaisi,IN,Nov 2010,0
842,Arjun Erigaisi,IN,Dec 2010,0
843,Arjun Erigaisi,IN,Jan 2011,0
844,Arjun Erigaisi,IN,Feb 2011,0
845,Arjun Erigaisi,IN,Mar 2011,0
846,Arjun Erigaisi,IN,Apr 2011,0
847,Arjun Erigaisi,IN,May 2011,0
848,Arjun Erigaisi,IN,Jun 2011,0
849,Arjun Erigaisi,IN,Jul 2011,0
850,Arjun Erigaisi,IN,Aug 2011,0
851,Arjun Erigaisi,IN,Sep 2011,0
852,Arjun Erigaisi,IN,Oct 2011,0
853,Arjun Erigaisi,IN,Nov 2011,0
854,Arjun Erigaisi,IN,Dec 2011,0
855,Arjun Erigaisi,IN,Jan 2012,0
856,Arjun Erigaisi,IN,Feb 2012,0
857,Arjun Erigaisi,IN,Mar 2012,0
858,Arjun Erigaisi,IN,Apr 2012,0
859,Arjun Erigaisi,IN,May 2012,0
860,Arjun Erigaisi,IN,Jun 2012,0
861,Arjun Erigaisi,IN,Jul 2012,0
862,Arjun Erigaisi,IN,Aug 2012,0
863,Arjun Erigaisi,IN,Sep 2012,0
864,Arjun Erigaisi,IN,Oct 2012,0
865,Arjun Erigaisi,IN,Nov 2012,0
866,Arjun Erigaisi,IN,Dec 2012,0
867,Arjun Erigaisi,IN,Jan 2013,0
868,Arjun Erigaisi,IN,Feb 2013,0
869,Arjun Erigaisi,IN,Mar 2013,0
870,Arjun Erigaisi,IN,Apr 2013,0
871,Arjun Erigaisi,IN,May 2013,0
872,Arjun Erigaisi,IN,Jun 2013,0
873,Arjun Erigaisi,IN,Jul 2013,0
874,Arjun Erigaisi,IN,Aug 2013,0
875,Arjun Erigaisi,IN,Sep 2013,0
876,Arjun Erigaisi,IN,Oct 2013,0
877,Arjun Erigaisi,IN,Nov 2013,0
878,Arjun Erigaisi,IN,Dec 2013,0
879,Arjun Erigaisi,IN,Jan 2014,0
880,Arjun Erigaisi,IN,Feb 2014,0
881,Arjun Erigaisi,IN,Mar 2014,0
882,Arjun Erigaisi,IN,Apr 2014,0
883,Arjun Erigaisi,IN,May 2014,0
884,Arjun Erigaisi,IN,Jun 2014,0
885,Arjun Erigaisi,IN,Jul 2014,0
886,Arjun Erigaisi,IN,Aug 2014,0
887,Arjun Erigaisi,IN,Sep 2014,0
888,Arjun Erigaisi,IN,Oct 2014,0
889,Arjun Erigaisi,IN,Nov 2014,0
890,Arjun Erigaisi,IN,Dec 2014,0
891,Arjun Erigaisi,IN,Jan 2015,0
892,Arjun Erigaisi,IN,Feb 2015,0
893,Arjun Erigaisi,IN,Mar 2015,0
894,Arjun Erigaisi,IN,Apr 2015,0
895,Arjun Erigaisi,IN,May 2015,0
896,Arjun Erigaisi,IN,Jun 2015,0
897,Arjun Erigaisi,IN,Jul 2015,0
898,Arjun Erigaisi,IN,Aug 2015,0
899,Arjun Erigaisi,IN,Sep 2015,0
900,Arjun Erigaisi,IN,Oct 2015,0
901,Arjun Erigaisi,IN,Nov 2015,0
902,Arjun Erigaisi,IN,Dec 2015,0
903,Arjun Erigaisi,IN,Jan 2016,0
904,Arjun Erigaisi,IN,Feb 2016,0
905,Arjun Erigaisi,IN,Mar 2016,0
906,Arjun Erigaisi,IN,Apr 2016,0
907,Arjun Erigaisi,IN,May 2016,0
908,Arjun Erigaisi,IN,Jun 2016,0
909,Arjun Erigaisi,IN,Jul 2016,0
910,Arjun Erigaisi,IN,Aug 2016,0
911,Arjun Erigaisi,IN,Sep 2016,0
912,Arjun Erigaisi,IN,Oct 2016,0
913,Arjun Erigaisi,IN,Nov 2016,0
914,Arjun Erigaisi,IN,Dec 2016,0
915,Arjun Erigaisi,IN,Jan 2017,0
916,Arjun Erigaisi,IN,Feb 2017,0
917,Arjun Erigaisi,IN,Mar 2017,0
918,Arjun Erigaisi,IN,Apr 2017,0
919,Arjun Erigaisi,IN,May 2017,0
920,Arjun Erigaisi,IN,Jun 2017,0
921,Arjun Erigaisi,IN,Jul 2017,0
922,Arjun Erigaisi,IN,Aug 2017,0
923,Arjun Erigaisi,IN,Sep 2017,0
924,Arjun Erigaisi,IN,Oct 2017,0
925,Arjun Erigaisi,IN,Nov 2017,0
926,Arjun Erigaisi,IN,Dec 2017,0
927,Arjun Erigaisi,IN,Jan 2018,0
928,Arjun Erigaisi,IN,Feb 2018,0
929,Arjun Erigaisi,IN,Mar 2018,0
930,Arjun Erigaisi,IN,Apr 2018,0
931,Arjun Erigaisi,IN,May 2018,0
932,Arjun Erigaisi,IN,Jun 2018,0
933,Arjun Erigaisi,IN,Jul 2018,0
934,Arjun Erigaisi,IN,Aug 2018,0
935,Arjun Erigaisi,IN,Sep 2018,0
936,Arjun Erigaisi,IN,Oct 2018,0
937,Arjun Erigaisi,IN,Nov 2018,0
938,Arjun Erigaisi,IN,Dec 2018,0
939,Arjun Erigaisi,IN,Jan 2019,0
940,Arjun Erigaisi,IN,Feb 2019,0
941,Arjun Erigaisi,IN,Mar 2019,0
942,Arjun Erigaisi,IN,Apr 2019,0
943,Arjun Erigaisi,IN,May 2019,0
944,Arjun Erigaisi,IN,Jun 2019,0
945,Arjun Erigaisi,IN,Jul 2019,0
946,Arjun Erigaisi,IN,Aug 2019,0
947,Arjun Erigaisi,IN,Sep 2019,0
948,Arjun Erigaisi,IN,Oct 2019,0
949,Arjun Erigaisi,IN,Nov 2019,0
950,Arjun Erigaisi,IN,Dec 2019,0
951,Arjun Erigaisi,IN,Jan 2020,0
952,Arjun Erigaisi,IN,Feb 2020,0
953,Arjun Erigaisi,IN,Mar 2020,0
954,Arjun Erigaisi,IN,Apr 2020,0
955,Arjun Erigaisi,IN,May 2020,0
956,Arjun Erigaisi,IN,Jun 2020,0
957,Arjun Erigaisi,IN,Jul 2020,0
958,Arjun Erigaisi,IN,Aug 2020,0
959,Arjun Erigaisi,IN,Sep 2020,0
960,Arjun Erigaisi,IN,Oct 2020,0
961,Arjun Erigaisi,IN,Nov 2020,1
962,Arjun Erigaisi,IN,Dec 2020,1
963,Arjun Erigaisi,IN,Jan 2021,0
964,Arjun Erigaisi,IN,Feb 2021,0
965,Arjun Erigaisi,IN,Mar 2021,0
966,Arjun Erigaisi,IN,Apr 2021,0
967,Arjun Erigaisi,IN,May 2021,1
968,Arjun Erigaisi,IN,Jun 2021,7
969,Arjun Erigaisi,IN,Jul 2021,2
970,Arjun Erigaisi,IN,Aug 2021,1
971,Arjun Erigaisi,IN,Sep 2021,0
972,Arjun Erigaisi,IN,Oct 2021,2
973,Arjun Erigaisi,IN,Nov 2021,8
974,Arjun Erigaisi,IN,Dec 2021,3
975,Arjun Erigaisi,IN,Jan 2022,11
976,Arjun Erigaisi,IN,Feb 2022,5
977,Arjun Erigaisi,IN,Mar 2022,4
978,Arjun Erigaisi,IN,Apr 2022,3
979,Arjun Erigaisi,IN,May 2022,4
980,Arjun Erigaisi,IN,Jun 2022,2
981,Arjun Erigaisi,IN,Jul 2022,4
982,Arjun Erigaisi,IN,Aug 2022,8
983,Arjun Erigaisi,IN,Sep 2022,15
984,Arjun Erigaisi,IN,Oct 2022,9
985,Arjun Erigaisi,IN,Nov 2022,4
986,Arjun Erigaisi,IN,Dec 2022,6
987,Arjun Erigaisi,IN,Jan 2023,4
988,Arjun Erigaisi,IN,Feb 2023,3
989,Arjun Erigaisi,IN,Mar 2023,0
990,Arjun Erigaisi,IN,Apr 2023,3
991,Arjun Erigaisi,IN,May 2023,3
992,Arjun Erigaisi,IN,Jun 2023,2
993,Arjun Erigaisi,IN,Jul 2023,2
994,Arjun Erigaisi,IN,Aug 2023,20
995,Arjun Erigaisi,IN,Sep 2023,4
996,Arjun Erigaisi,IN,Oct 2023,2
997,Arjun Erigaisi,IN,Nov 2023,1
998,Arjun Erigaisi,IN,Dec 2023,3
999,Arjun Erigaisi,IN,Jan 2024,3
1000,Arjun Erigaisi,IN,Feb 2024,2
1001,Arjun Erigaisi,IN,Mar 2024,1
1002,Arjun Erigaisi,IN,Apr 2024,20
1003,Arjun Erigaisi,IN,May 2024,11
1004,Arjun Erigaisi,IN,Jun 2024,26
1005,Arjun Erigaisi,IN,Jul 2024,11
1006,Arjun Erigaisi,IN,Aug 2024,17
1007,Arjun Erigaisi,IN,Sep 2024,100
1008,Arjun Erigaisi,IN,Oct 2024,57
1009,Arjun Erigaisi,IN,Nov 2024,47
1010,Arjun Erigaisi,IN,Dec 2024,98
1011,Arjun Erigaisi,IN,Jan 2025,59
1012,Gukesh Dommaraju,IN,Jan 2004,0
1013,Gukesh Dommaraju,IN,Feb 2004,0
1014,Gukesh Dommaraju,IN,Mar 2004,0
1015,Gukesh Dommaraju,IN,Apr 2004,0
1016,Gukesh Dommaraju,IN,May 2004,0
1017,Gukesh Dommaraju,IN,Jun 2004,0
1018,Gukesh Dommaraju,IN,Jul 2004,0
1019,Gukesh Dommaraju,IN,Aug 2004,0
1020,Gukesh Dommaraju,IN,Sep 2004,0
1021,Gukesh Dommaraju,IN,Oct 2004,0
1022,Gukesh Dommaraju,IN,Nov 2004,0
1023,Gukesh Dommaraju,IN,Dec 2004,0
1024,Gukesh Dommaraju,IN,Jan 2005,0
1025,Gukesh Dommaraju,IN,Feb 2005,0
1026,Gukesh Dommaraju,IN,Mar 2005,0
1027,Gukesh Dommaraju,IN,Apr 2005,0
1028,Gukesh Dommaraju,IN,May 2005,0
1029,Gukesh Dommaraju,IN,Jun 2005,0
1030,Gukesh Dommaraju,IN,Jul 2005,0
1031,Gukesh Dommaraju,IN,Aug 2005,0
1032,Gukesh Dommaraju,IN,Sep 2005,0
1033,Gukesh Dommaraju,IN,Oct 2005,0
1034,Gukesh Dommaraju,IN,Nov 2005,0
1035,Gukesh Dommaraju,IN,Dec 2005,0
1036,Gukesh Dommaraju,IN,Jan 2006,0
1037,Gukesh Dommaraju,IN,Feb 2006,0
1038,Gukesh Dommaraju,IN,Mar 2006,0
1039,Gukesh Dommaraju,IN,Apr 2006,0
1040,Gukesh Dommaraju,IN,May 2006,0
1041,Gukesh Dommaraju,IN,Jun 2006,0
1042,Gukesh Dommaraju,IN,Jul 2006,0
1043,Gukesh Dommaraju,IN,Aug 2006,0
1044,Gukesh Dommaraju,IN,Sep 2006,0
1045,Gukesh Dommaraju,IN,Oct 2006,0
1046,Gukesh Dommaraju,IN,Nov 2006,0
1047,Gukesh Dommaraju,IN,Dec 2006,0
1048,Gukesh Dommaraju,IN,Jan 2007,0
1049,Gukesh Dommaraju,IN,Feb 2007,0
1050,Gukesh Dommaraju,IN,Mar 2007,0
1051,Gukesh Dommaraju,IN,Apr 2007,0
1052,Gukesh Dommaraju,IN,May 2007,0
1053,Gukesh Dommaraju,IN,Jun 2007,0
1054,Gukesh Dommaraju,IN,Jul 2007,0
1055,Gukesh Dommaraju,IN,Aug 2007,0
1056,Gukesh Dommaraju,IN,Sep 2007,0
1057,Gukesh Dommaraju,IN,Oct 2007,0
1058,Gukesh Dommaraju,IN,Nov 2007,0
1059,Gukesh Dommaraju,IN,Dec 2007,0
1060,Gukesh Dommaraju,IN,Jan 2008,0
1061,Gukesh Dommaraju,IN,Feb 2008,0
1062,Gukesh Dommaraju,IN,Mar 2008,0
1063,Gukesh Dommaraju,IN,Apr 2008,0
1064,Gukesh Dommaraju,IN,May 2008,0
1065,Gukesh Dommaraju,IN,Jun 2008,0
1066,Gukesh Dommaraju,IN,Jul 2008,0
1067,Gukesh Dommaraju,IN,Aug 2008,0
1068,Gukesh Dommaraju,IN,Sep 2008,0
1069,Gukesh Dommaraju,IN,Oct 2008,0
1070,Gukesh Dommaraju,IN,Nov 2008,0
1071,Gukesh Dommaraju,IN,Dec 2008,0
1072,Gukesh Dommaraju,IN,Jan 2009,0
1073,Gukesh Dommaraju,IN,Feb 2009,0
1074,Gukesh Dommaraju,IN,Mar 2009,0
1075,Gukesh Dommaraju,IN,Apr 2009,0
1076,Gukesh Dommaraju,IN,May 2009,0
1077,Gukesh Dommaraju,IN,Jun 2009,0
1078,Gukesh Dommaraju,IN,Jul 2009,0
1079,Gukesh Dommaraju,IN,Aug 2009,0
1080,Gukesh Dommaraju,IN,Sep 2009,0
1081,Gukesh Dommaraju,IN,Oct 2009,0
1082,Gukesh Dommaraju,IN,Nov 2009,0
1083,Gukesh Dommaraju,IN,Dec 2009,0
1084,Gukesh Dommaraju,IN,Jan 2010,0
1085,Gukesh Dommaraju,IN,Feb 2010,0
1086,Gukesh Dommaraju,IN,Mar 2010,0
1087,Gukesh Dommaraju,IN,Apr 2010,0
1088,Gukesh Dommaraju,IN,May 2010,0
1089,Gukesh Dommaraju,IN,Jun 2010,0
1090,Gukesh Dommaraju,IN,Jul 2010,0
1091,Gukesh Dommaraju,IN,Aug 2010,0
1092,Gukesh Dommaraju,IN,Sep 2010,0
1093,Gukesh Dommaraju,IN,Oct 2010,0
1094,Gukesh Dommaraju,IN,Nov 2010,0
1095,Gukesh Dommaraju,IN,Dec 2010,0
1096,Gukesh Dommaraju,IN,Jan 2011,0
1097,Gukesh Dommaraju,IN,Feb 2011,0
1098,Gukesh Dommaraju,IN,Mar 2011,0
1099,Gukesh Dommaraju,IN,Apr 2011,0
1100,Gukesh Dommaraju,IN,May 2011,0
1101,Gukesh Dommaraju,IN,Jun 2011,0
1102,Gukesh Dommaraju,IN,Jul 2011,0
1103,Gukesh Dommaraju,IN,Aug 2011,0
1104,Gukesh Dommaraju,IN,Sep 2011,0
1105,Gukesh Dommaraju,IN,Oct 2011,0
1106,Gukesh Dommaraju,IN,Nov 2011,0
1107,Gukesh Dommaraju,IN,Dec 2011,0
1108,Gukesh Dommaraju,IN,Jan 2012,0
1109,Gukesh Dommaraju,IN,Feb 2012,0
1110,Gukesh Dommaraju,IN,Mar 2012,0
1111,Gukesh Dommaraju,IN,Apr 2012,0
1112,Gukesh Dommaraju,IN,May 2012,0
1113,Gukesh Dommaraju,IN,Jun 2012,0
1114,Gukesh Dommaraju,IN,Jul 2012,0
1115,Gukesh Dommaraju,IN,Aug 2012,0
1116,Gukesh Dommaraju,IN,Sep 2012,0
1117,Gukesh Dommaraju,IN,Oct 2012,0
1118,Gukesh Dommaraju,IN,Nov 2012,0
1119,Gukesh Dommaraju,IN,Dec 2012,0
1120,Gukesh Dommaraju,IN,Jan 2013,0
1121,Gukesh Dommaraju,IN,Feb 2013,0
1122,Gukesh Dommaraju,IN,Mar 2013,0
1123,Gukesh Dommaraju,IN,Apr 2013,0
1124,Gukesh Dommaraju,IN,May 2013,0
1125,Gukesh Dommaraju,IN,Jun 2013,0
1126,Gukesh Dommaraju,IN,Jul 2013,0
1127,Gukesh Dommaraju,IN,Aug 2013,0
1128,Gukesh Dommaraju,IN,Sep 2013,0
1129,Gukesh Dommaraju,IN,Oct 2013,0
1130,Gukesh Dommaraju,IN,Nov 2013,0
1131,Gukesh Dommaraju,IN,Dec 2013,0
1132,Gukesh Dommaraju,IN,Jan 2014,0
1133,Gukesh Dommaraju,IN,Feb 2014,0
1134,Gukesh Dommaraju,IN,Mar 2014,0
1135,Gukesh Dommaraju,IN,Apr 2014,0
1136,Gukesh Dommaraju,IN,May 2014,0
1137,Gukesh Dommaraju,IN,Jun 2014,0
1138,Gukesh Dommaraju,IN,Jul 2014,0
1139,Gukesh Dommaraju,IN,Aug 2014,0
1140,Gukesh Dommaraju,IN,Sep 2014,0
1141,Gukesh Dommaraju,IN,Oct 2014,0
1142,Gukesh Dommaraju,IN,Nov 2014,0
1143,Gukesh Dommaraju,IN,Dec 2014,0
1144,Gukesh Dommaraju,IN,Jan 2015,0
1145,Gukesh Dommaraju,IN,Feb 2015,0
1146,Gukesh Dommaraju,IN,Mar 2015,0
1147,Gukesh Dommaraju,IN,Apr 2015,0
1148,Gukesh Dommaraju,IN,May 2015,0
1149,Gukesh Dommaraju,IN,Jun 2015,0
1150,Gukesh Dommaraju,IN,Jul 2015,0
1151,Gukesh Dommaraju,IN,Aug 2015,0
1152,Gukesh Dommaraju,IN,Sep 2015,0
1153,Gukesh Dommaraju,IN,Oct 2015,0
1154,Gukesh Dommaraju,IN,Nov 2015,0
1155,Gukesh Dommaraju,IN,Dec 2015,0
1156,Gukesh Dommaraju,IN,Jan 2016,0
1157,Gukesh Dommaraju,IN,Feb 2016,0
1158,Gukesh Dommaraju,IN,Mar 2016,0
1159,Gukesh Dommaraju,IN,Apr 2016,0
1160,Gukesh Dommaraju,IN,May 2016,0
1161,Gukesh Dommaraju,IN,Jun 2016,0
1162,Gukesh Dommaraju,IN,Jul 2016,0
1163,Gukesh Dommaraju,IN,Aug 2016,0
1164,Gukesh Dommaraju,IN,Sep 2016,0
1165,Gukesh Dommaraju,IN,Oct 2016,0
1166,Gukesh Dommaraju,IN,Nov 2016,0
1167,Gukesh Dommaraju,IN,Dec 2016,0
1168,Gukesh Dommaraju,IN,Jan 2017,0
1169,Gukesh Dommaraju,IN,Feb 2017,0
1170,Gukesh Dommaraju,IN,Mar 2017,0
1171,Gukesh Dommaraju,IN,Apr 2017,0
1172,Gukesh Dommaraju,IN,May 2017,0
1173,Gukesh Dommaraju,IN,Jun 2017,0
1174,Gukesh Dommaraju,IN,Jul 2017,0
1175,Gukesh Dommaraju,IN,Aug 2017,0
1176,Gukesh Dommaraju,IN,Sep 2017,0
1177,Gukesh Dommaraju,IN,Oct 2017,0
1178,Gukesh Dommaraju,IN,Nov 2017,0
1179,Gukesh Dommaraju,IN,Dec 2017,0
1180,Gukesh Dommaraju,IN,Jan 2018,0
1181,Gukesh Dommaraju,IN,Feb 2018,0
1182,Gukesh Dommaraju,IN,Mar 2018,0
1183,Gukesh Dommaraju,IN,Apr 2018,0
1184,Gukesh Dommaraju,IN,May 2018,0
1185,Gukesh Dommaraju,IN,Jun 2018,0
1186,Gukesh Dommaraju,IN,Jul 2018,0
1187,Gukesh Dommaraju,IN,Aug 2018,0
1188,Gukesh Dommaraju,IN,Sep 2018,0
1189,Gukesh Dommaraju,IN,Oct 2018,0
1190,Gukesh Dommaraju,IN,Nov 2018,0
1191,Gukesh Dommaraju,IN,Dec 2018,0
1192,Gukesh Dommaraju,IN,Jan 2019,0
1193,Gukesh Dommaraju,IN,Feb 2019,0
1194,Gukesh Dommaraju,IN,Mar 2019,0
1195,Gukesh Dommaraju,IN,Apr 2019,0
1196,Gukesh Dommaraju,IN,May 2019,0
1197,Gukesh Dommaraju,IN,Jun 2019,0
1198,Gukesh Dommaraju,IN,Jul 2019,0
1199,Gukesh Dommaraju,IN,Aug 2019,0
1200,Gukesh Dommaraju,IN,Sep 2019,0
1201,Gukesh Dommaraju,IN,Oct 2019,0
1202,Gukesh Dommaraju,IN,Nov 2019,0
1203,Gukesh Dommaraju,IN,Dec 2019,0
1204,Gukesh Dommaraju,IN,Jan 2020,0
1205,Gukesh Dommaraju,IN,Feb 2020,0
1206,Gukesh Dommaraju,IN,Mar 2020,0
1207,Gukesh Dommaraju,IN,Apr 2020,0
1208,Gukesh Dommaraju,IN,May 2020,0
1209,Gukesh Dommaraju,IN,Jun 2020,0
1210,Gukesh Dommaraju,IN,Jul 2020,0
1211,Gukesh Dommaraju,IN,Aug 2020,0
1212,Gukesh Dommaraju,IN,Sep 2020,0
1213,Gukesh Dommaraju,IN,Oct 2020,0
1214,Gukesh Dommaraju,IN,Nov 2020,0
1215,Gukesh Dommaraju,IN,Dec 2020,0
1216,Gukesh Dommaraju,IN,Jan 2021,0
1217,Gukesh Dommaraju,IN,Feb 2021,0
1218,Gukesh Dommaraju,IN,Mar 2021,0
1219,Gukesh Dommaraju,IN,Apr 2021,0
1220,Gukesh Dommaraju,IN,May 2021,0
1221,Gukesh Dommaraju,IN,Jun 2021,0
1222,Gukesh Dommaraju,IN,Jul 2021,0
1223,Gukesh Dommaraju,IN,Aug 2021,0
1224,Gukesh Dommaraju,IN,Sep 2021,0
1225,Gukesh Dommaraju,IN,Oct 2021,0
1226,Gukesh Dommaraju,IN,Nov 2021,0
1227,Gukesh Dommaraju,IN,Dec 2021,2
1228,Gukesh Dommaraju,IN,Jan 2022,0
1229,Gukesh Dommaraju,IN,Feb 2022,0
1230,Gukesh Dommaraju,IN,Mar 2022,0
1231,Gukesh Dommaraju,IN,Apr 2022,0
1232,Gukesh Dommaraju,IN,May 2022,0
1233,Gukesh Dommaraju,IN,Jun 2022,0
1234,Gukesh Dommaraju,IN,Jul 2022,0
1235,Gukesh Dommaraju,IN,Aug 2022,1
1236,Gukesh Dommaraju,IN,Sep 2022,0
1237,Gukesh Dommaraju,IN,Oct 2022,1
1238,Gukesh Dommaraju,IN,Nov 2022,0
1239,Gukesh Dommaraju,IN,Dec 2022,0
1240,Gukesh Dommaraju,IN,Jan 2023,0
1241,Gukesh Dommaraju,IN,Feb 2023,1
1242,Gukesh Dommaraju,IN,Mar 2023,0
1243,Gukesh Dommaraju,IN,Apr 2023,0
1244,Gukesh Dommaraju,IN,May 2023,0
1245,Gukesh Dommaraju,IN,Jun 2023,1
1246,Gukesh Dommaraju,IN,Jul 2023,0
1247,Gukesh Dommaraju,IN,Aug 2023,2
1248,Gukesh Dommaraju,IN,Sep 2023,1
1249,Gukesh Dommaraju,IN,Oct 2023,0
1250,Gukesh Dommaraju,IN,Nov 2023,0
1251,Gukesh Dommaraju,IN,Dec 2023,0
1252,Gukesh Dommaraju,IN,Jan 2024,0
1253,Gukesh Dommaraju,IN,Feb 2024,1
1254,Gukesh Dommaraju,IN,Mar 2024,0
1255,Gukesh Dommaraju,IN,Apr 2024,7
1256,Gukesh Dommaraju,IN,May 2024,1
1257,Gukesh Dommaraju,IN,Jun 2024,1
1258,Gukesh Dommaraju,IN,Jul 2024,0
1259,Gukesh Dommaraju,IN,Aug 2024,1
1260,Gukesh Dommaraju,IN,Sep 2024,21
1261,Gukesh Dommaraju,IN,Oct 2024,8
1262,Gukesh Dommaraju,IN,Nov 2024,6
1263,Gukesh Dommaraju,IN,Dec 2024,100
1264,Gukesh Dommaraju,IN,Jan 2025,12
1265,Nodirbek Abdusattorov,UZ,Jan 2004,0
1266,Nodirbek Abdusattorov,UZ,Feb 2004,0
1267,Nodirbek Abdusattorov,UZ,Mar 2004,0
1268,Nodirbek Abdusattorov,UZ,Apr 2004,0
1269,Nodirbek Abdusattorov,UZ,May 2004,0
1270,Nodirbek Abdusattorov,UZ,Jun 2004,0
1271,Nodirbek Abdusattorov,UZ,Jul 2004,0
1272,Nodirbek Abdusattorov,UZ,Aug 2004,0
1273,Nodirbek Abdusattorov,UZ,Sep 2004,0
1274,Nodirbek Abdusattorov,UZ,Oct 2004,0
1275,Nodirbek Abdusattorov,UZ,Nov 2004,0
1276,Nodirbek Abdusattorov,UZ,Dec 2004,0
1277,Nodirbek Abdusattorov,UZ,Jan 2005,0
1278,Nodirbek Abdusattorov,UZ,Feb 2005,0
1279,Nodirbek Abdusattorov,UZ,Mar 2005,0
1280,Nodirbek Abdusattorov,UZ,Apr 2005,0
1281,Nodirbek Abdusattorov,UZ,May 2005,0
1282,Nodirbek Abdusattorov,UZ,Jun 2005,0
1283,Nodirbek Abdusattorov,UZ,Jul 2005,0
1284,Nodirbek Abdusattorov,UZ,Aug 2005,0
1285,Nodirbek Abdusattorov,UZ,Sep 2005,0
1286,Nodirbek Abdusattorov,UZ,Oct 2005,0
1287,Nodirbek Abdusattorov,UZ,Nov 2005,0
1288,Nodirbek Abdusattorov,UZ,Dec 2005,0
1289,Nodirbek Abdusattorov,UZ,Jan 2006,0
1290,Nodirbek Abdusattorov,UZ,Feb 2006,0
1291,Nodirbek Abdusattorov,UZ,Mar 2006,0
1292,Nodirbek Abdusattorov,UZ,Apr 2006,0
1293,Nodirbek Abdusattorov,UZ,May 2006,0
1294,Nodirbek Abdusattorov,UZ,Jun 2006,0
1295,Nodirbek Abdusattorov,UZ,Jul 2006,0
1296,Nodirbek Abdusattorov,UZ,Aug 2006,0
1297,Nodirbek Abdusattorov,UZ,Sep 2006,0
1298,Nodirbek Abdusattorov,UZ,Oct 2006,0
1299,Nodirbek Abdusattorov,UZ,Nov 2006,0
1300,Nodirbek Abdusattorov,UZ,Dec 2006,0
1301,Nodirbek Abdusattorov,UZ,Jan 2007,0
1302,Nodirbek Abdusattorov,UZ,Feb 2007,0
1303,Nodirbek Abdusattorov,UZ,Mar 2007,0
1304,Nodirbek Abdusattorov,UZ,Apr 2007,0
1305,Nodirbek Abdusattorov,UZ,May 2007,0
1306,Nodirbek Abdusattorov,UZ,Jun 2007,0
1307,Nodirbek Abdusattorov,UZ,Jul 2007,0
1308,Nodirbek Abdusattorov,UZ,Aug 2007,0
1309,Nodirbek Abdusattorov,UZ,Sep 2007,0
1310,Nodirbek Abdusattorov,UZ,Oct 2007,0
1311,Nodirbek Abdusattorov,UZ,Nov 2007,0
1312,Nodirbek Abdusattorov,UZ,Dec 2007,0
1313,Nodirbek Abdusattorov,UZ,Jan 2008,0
1314,Nodirbek Abdusattorov,UZ,Feb 2008,0
1315,Nodirbek Abdusattorov,UZ,Mar 2008,0
1316,Nodirbek Abdusattorov,UZ,Apr 2008,0
1317,Nodirbek Abdusattorov,UZ,May 2008,0
1318,Nodirbek Abdusattorov,UZ,Jun 2008,0
1319,Nodirbek Abdusattorov,UZ,Jul 2008,0
1320,Nodirbek Abdusattorov,UZ,Aug 2008,0
1321,Nodirbek Abdusattorov,UZ,Sep 2008,0
1322,Nodirbek Abdusattorov,UZ,Oct 2008,0
1323,Nodirbek Abdusattorov,UZ,Nov 2008,0
1324,Nodirbek Abdusattorov,UZ,Dec 2008,0
1325,Nodirbek Abdusattorov,UZ,Jan 2009,0
1326,Nodirbek Abdusattorov,UZ,Feb 2009,0
1327,Nodirbek Abdusattorov,UZ,Mar 2009,0
1328,Nodirbek Abdusattorov,UZ,Apr 2009,0
1329,Nodirbek Abdusattorov,UZ,May 2009,0
1330,Nodirbek Abdusattorov,UZ,Jun 2009,0
1331,Nodirbek Abdusattorov,UZ,Jul 2009,0
1332,Nodirbek Abdusattorov,UZ,Aug 2009,0
1333,Nodirbek Abdusattorov,UZ,Sep 2009,0
1334,Nodirbek Abdusattorov,UZ,Oct 2009,0
1335,Nodirbek Abdusattorov,UZ,Nov 2009,0
1336,Nodirbek Abdusattorov,UZ,Dec 2009,0
1337,Nodirbek Abdusattorov,UZ,Jan 2010,0
1338,Nodirbek Abdusattorov,UZ,Feb 2010,0
1339,Nodirbek Abdusattorov,UZ,Mar 2010,0
1340,Nodirbek Abdusattorov,UZ,Apr 2010,0
1341,Nodirbek Abdusattorov,UZ,May 2010,0
1342,Nodirbek Abdusattorov,UZ,Jun 2010,0
1343,Nodirbek Abdusattorov,UZ,Jul 2010,0
1344,Nodirbek Abdusattorov,UZ,Aug 2010,0
1345,Nodirbek Abdusattorov,UZ,Sep 2010,0
1346,Nodirbek Abdusattorov,UZ,Oct 2010,0
1347,Nodirbek Abdusattorov,UZ,Nov 2010,0
1348,Nodirbek Abdusattorov,UZ,Dec 2010,0
1349,Nodirbek Abdusattorov,UZ,Jan 2011,0
1350,Nodirbek Abdusattorov,UZ,Feb 2011,0
1351,Nodirbek Abdusattorov,UZ,Mar 2011,0
1352,Nodirbek Abdusattorov,UZ,Apr 2011,0
1353,Nodirbek Abdusattorov,UZ,May 2011,0
1354,Nodirbek Abdusattorov,UZ,Jun 2011,0
1355,Nodirbek Abdusattorov,UZ,Jul 2011,0
1356,Nodirbek Abdusattorov,UZ,Aug 2011,0
1357,Nodirbek Abdusattorov,UZ,Sep 2011,0
1358,Nodirbek Abdusattorov,UZ,Oct 2011,0
1359,Nodirbek Abdusattorov,UZ,Nov 2011,0
1360,Nodirbek Abdusattorov,UZ,Dec 2011,0
1361,Nodirbek Abdusattorov,UZ,Jan 2012,0
1362,Nodirbek Abdusattorov,UZ,Feb 2012,0
1363,Nodirbek Abdusattorov,UZ,Mar 2012,0
1364,Nodirbek Abdusattorov,UZ,Apr 2012,0
1365,Nodirbek Abdusattorov,UZ,May 2012,0
1366,Nodirbek Abdusattorov,UZ,Jun 2012,0
1367,Nodirbek Abdusattorov,UZ,Jul 2012,0
1368,Nodirbek Abdusattorov,UZ,Aug 2012,0
1369,Nodirbek Abdusattorov,UZ,Sep 2012,0
1370,Nodirbek Abdusattorov,UZ,Oct 2012,0
1371,Nodirbek Abdusattorov,UZ,Nov 2012,0
1372,Nodirbek Abdusattorov,UZ,Dec 2012,0
1373,Nodirbek Abdusattorov,UZ,Jan 2013,0
1374,Nodirbek Abdusattorov,UZ,Feb 2013,0
1375,Nodirbek Abdusattorov,UZ,Mar 2013,0
1376,Nodirbek Abdusattorov,UZ,Apr 2013,0
1377,Nodirbek Abdusattorov,UZ,May 2013,0
1378,Nodirbek Abdusattorov,UZ,Jun 2013,0
1379,Nodirbek Abdusattorov,UZ,Jul 2013,0
1380,Nodirbek Abdusattorov,UZ,Aug 2013,0
1381,Nodirbek Abdusattorov,UZ,Sep 2013,0
1382,Nodirbek Abdusattorov,UZ,Oct 2013,0
1383,Nodirbek Abdusattorov,UZ,Nov 2013,0
1384,Nodirbek Abdusattorov,UZ,Dec 2013,0
1385,Nodirbek Abdusattorov,UZ,Jan 2014,0
1386,Nodirbek Abdusattorov,UZ,Feb 2014,0
1387,Nodirbek Abdusattorov,UZ,Mar 2014,0
1388,Nodirbek Abdusattorov,UZ,Apr 2014,0
1389,Nodirbek Abdusattorov,UZ,May 2014,0
1390,Nodirbek Abdusattorov,UZ,Jun 2014,0
1391,Nodirbek Abdusattorov,UZ,Jul 2014,0
1392,Nodirbek Abdusattorov,UZ,Aug 2014,0
1393,Nodirbek Abdusattorov,UZ,Sep 2014,0
1394,Nodirbek Abdusattorov,UZ,Oct 2014,0
1395,Nodirbek Abdusattorov,UZ,Nov 2014,0
1396,Nodirbek Abdusattorov,UZ,Dec 2014,0
1397,Nodirbek Abdusattorov,UZ,Jan 2015,0
1398,Nodirbek Abdusattorov,UZ,Feb 2015,0
1399,Nodirbek Abdusattorov,UZ,Mar 2015,0
1400,Nodirbek Abdusattorov,UZ,Apr 2015,0
1401,Nodirbek Abdusattorov,UZ,May 2015,0
1402,Nodirbek Abdusattorov,UZ,Jun 2015,0
1403,Nodirbek Abdusattorov,UZ,Jul 2015,0
1404,Nodirbek Abdusattorov,UZ,Aug 2015,0
1405,Nodirbek Abdusattorov,UZ,Sep 2015,0
1406,Nodirbek Abdusattorov,UZ,Oct 2015,0
1407,Nodirbek Abdusattorov,UZ,Nov 2015,0
1408,Nodirbek Abdusattorov,UZ,Dec 2015,0
1409,Nodirbek Abdusattorov,UZ,Jan 2016,0
1410,Nodirbek Abdusattorov,UZ,Feb 2016,0
1411,Nodirbek Abdusattorov,UZ,Mar 2016,0
1412,Nodirbek Abdusattorov,UZ,Apr 2016,0
1413,Nodirbek Abdusattorov,UZ,May 2016,0
1414,Nodirbek Abdusattorov,UZ,Jun 2016,0
1415,Nodirbek Abdusattorov,UZ,Jul 2016,0
1416,Nodirbek Abdusattorov,UZ,Aug 2016,0
1417,Nodirbek Abdusattorov,UZ,Sep 2016,0
1418,Nodirbek Abdusattorov,UZ,Oct 2016,0
1419,Nodirbek Abdusattorov,UZ,Nov 2016,0
1420,Nodirbek Abdusattorov,UZ,Dec 2016,0
1421,Nodirbek Abdusattorov,UZ,Jan 2017,0
1422,Nodirbek Abdusattorov,UZ,Feb 2017,0
1423,Nodirbek Abdusattorov,UZ,Mar 2017,0
1424,Nodirbek Abdusattorov,UZ,Apr 2017,0
1425,Nodirbek Abdusattorov,UZ,May 2017,0
1426,Nodirbek Abdusattorov,UZ,Jun 2017,0
1427,Nodirbek Abdusattorov,UZ,Jul 2017,0
1428,Nodirbek Abdusattorov,UZ,Aug 2017,0
1429,Nodirbek Abdusattorov,UZ,Sep 2017,0
1430,Nodirbek Abdusattorov,UZ,Oct 2017,0
1431,Nodirbek Abdusattorov,UZ,Nov 2017,0
1432,Nodirbek Abdusattorov,UZ,Dec 2017,0
1433,Nodirbek Abdusattorov,UZ,Jan 2018,0
1434,Nodirbek Abdusattorov,UZ,Feb 2018,0
1435,Nodirbek Abdusattorov,UZ,Mar 2018,0
1436,Nodirbek Abdusattorov,UZ,Apr 2018,0
1437,Nodirbek Abdusattorov,UZ,May 2018,0
1438,Nodirbek Abdusattorov,UZ,Jun 2018,0
1439,Nodirbek Abdusattorov,UZ,Jul 2018,0
1440,Nodirbek Abdusattorov,UZ,Aug 2018,0
1441,Nodirbek Abdusattorov,UZ,Sep 2018,0
1442,Nodirbek Abdusattorov,UZ,Oct 2018,0
1443,Nodirbek Abdusattorov,UZ,Nov 2018,0
1444,Nodirbek Abdusattorov,UZ,Dec 2018,0
1445,Nodirbek Abdusattorov,UZ,Jan 2019,0
1446,Nodirbek Abdusattorov,UZ,Feb 2019,0
1447,Nodirbek Abdusattorov,UZ,Mar 2019,0
1448,Nodirbek Abdusattorov,UZ,Apr 2019,0
1449,Nodirbek Abdusattorov,UZ,May 2019,0
1450,Nodirbek Abdusattorov,UZ,Jun 2019,0
1451,Nodirbek Abdusattorov,UZ,Jul 2019,0
1452,Nodirbek Abdusattorov,UZ,Aug 2019,0
1453,Nodirbek Abdusattorov,UZ,Sep 2019,0
1454,Nodirbek Abdusattorov,UZ,Oct 2019,0
1455,Nodirbek Abdusattorov,UZ,Nov 2019,0
1456,Nodirbek Abdusattorov,UZ,Dec 2019,0
1457,Nodirbek Abdusattorov,UZ,Jan 2020,0
1458,Nodirbek Abdusattorov,UZ,Feb 2020,0
1459,Nodirbek Abdusattorov,UZ,Mar 2020,0
1460,Nodirbek Abdusattorov,UZ,Apr 2020,0
1461,Nodirbek Abdusattorov,UZ,May 2020,0
1462,Nodirbek Abdusattorov,UZ,Jun 2020,0
1463,Nodirbek Abdusattorov,UZ,Jul 2020,0
1464,Nodirbek Abdusattorov,UZ,Aug 2020,0
1465,Nodirbek Abdusattorov,UZ,Sep 2020,0
1466,Nodirbek Abdusattorov,UZ,Oct 2020,0
1467,Nodirbek Abdusattorov,UZ,Nov 2020,0
1468,Nodirbek Abdusattorov,UZ,Dec 2020,0
1469,Nodirbek Abdusattorov,UZ,Jan 2021,0
1470,Nodirbek Abdusattorov,UZ,Feb 2021,0
1471,Nodirbek Abdusattorov,UZ,Mar 2021,0
1472,Nodirbek Abdusattorov,UZ,Apr 2021,0
1473,Nodirbek Abdusattorov,UZ,May 2021,0
1474,Nodirbek Abdusattorov,UZ,Jun 2021,0
1475,Nodirbek Abdusattorov,UZ,Jul 2021,0
1476,Nodirbek Abdusattorov,UZ,Aug 2021,0
1477,Nodirbek Abdusattorov,UZ,Sep 2021,0
1478,Nodirbek Abdusattorov,UZ,Oct 2021,0
1479,Nodirbek Abdusattorov,UZ,Nov 2021,0
1480,Nodirbek Abdusattorov,UZ,Dec 2021,48
1481,Nodirbek Abdusattorov,UZ,Jan 2022,46
1482,Nodirbek Abdusattorov,UZ,Feb 2022,0
1483,Nodirbek Abdusattorov,UZ,Mar 2022,0
1484,Nodirbek Abdusattorov,UZ,Apr 2022,0
1485,Nodirbek Abdusattorov,UZ,May 2022,0
1486,Nodirbek Abdusattorov,UZ,Jun 2022,0
1487,Nodirbek Abdusattorov,UZ,Jul 2022,0
1488,Nodirbek Abdusattorov,UZ,Aug 2022,64
1489,Nodirbek Abdusattorov,UZ,Sep 2022,16
1490,Nodirbek Abdusattorov,UZ,Oct 2022,19
1491,Nodirbek Abdusattorov,UZ,Nov 2022,17
1492,Nodirbek Abdusattorov,UZ,Dec 2022,20
1493,Nodirbek Abdusattorov,UZ,Jan 2023,100
1494,Nodirbek Abdusattorov,UZ,Feb 2023,20
1495,Nodirbek Abdusattorov,UZ,Mar 2023,14
1496,Nodirbek Abdusattorov,UZ,Apr 2023,8
1497,Nodirbek Abdusattorov,UZ,May 2023,8
1498,Nodirbek Abdusattorov,UZ,Jun 2023,14
1499,Nodirbek Abdusattorov,UZ,Jul 2023,15
1500,Nodirbek Abdusattorov,UZ,Aug 2023,13
1501,Nodirbek Abdusattorov,UZ,Sep 2023,0
1502,Nodirbek Abdusattorov,UZ,Oct 2023,11
1503,Nodirbek Abdusattorov,UZ,Nov 2023,0
1504,Nodirbek Abdusattorov,UZ,Dec 2023,41
1505,Nodirbek Abdusattorov,UZ,Jan 2024,17
1506,Nodirbek Abdusattorov,UZ,Feb 2024,37
1507,Nodirbek Abdusattorov,UZ,Mar 2024,40
1508,Nodirbek Abdusattorov,UZ,Apr 2024,21
1509,Nodirbek Abdusattorov,UZ,May 2024,31
1510,Nodirbek Abdusattorov,UZ,Jun 2024,13
1511,Nodirbek Abdusattorov,UZ,Jul 2024,33
1512,Nodirbek Abdusattorov,UZ,Aug 2024,25
1513,Nodirbek Abdusattorov,UZ,Sep 2024,31
1514,Nodirbek Abdusattorov,UZ,Oct 2024,22
1515,Nodirbek Abdusattorov,UZ,Nov 2024,14
1516,Nodirbek Abdusattorov,UZ,Dec 2024,19
1517,Nodirbek Abdusattorov,UZ,Jan 2025,7
1518,Alireza Firouzja,FR,Jan 2004,0
1519,Alireza Firouzja,FR,Feb 2004,0
1520,Alireza Firouzja,FR,Mar 2004,0
1521,Alireza Firouzja,FR,Apr 2004,0
1522,Alireza Firouzja,FR,May 2004,0
1523,Alireza Firouzja,FR,Jun 2004,0
1524,Alireza Firouzja,FR,Jul 2004,0
1525,Alireza Firouzja,FR,Aug 2004,0
1526,Alireza Firouzja,FR,Sep 2004,0
1527,Alireza Firouzja,FR,Oct 2004,0
1528,Alireza Firouzja,FR,Nov 2004,0
1529,Alireza Firouzja,FR,Dec 2004,0
1530,Alireza Firouzja,FR,Jan 2005,0
1531,Alireza Firouzja,FR,Feb 2005,0
1532,Alireza Firouzja,FR,Mar 2005,0
1533,Alireza Firouzja,FR,Apr 2005,0
1534,Alireza Firouzja,FR,May 2005,0
1535,Alireza Firouzja,FR,Jun 2005,0
1536,Alireza Firouzja,FR,Jul 2005,0
1537,Alireza Firouzja,FR,Aug 2005,0
1538,Alireza Firouzja,FR,Sep 2005,0
1539,Alireza Firouzja,FR,Oct 2005,0
1540,Alireza Firouzja,FR,Nov 2005,0
1541,Alireza Firouzja,FR,Dec 2005,0
1542,Alireza Firouzja,FR,Jan 2006,0
1543,Alireza Firouzja,FR,Feb 2006,0
1544,Alireza Firouzja,FR,Mar 2006,0
1545,Alireza Firouzja,FR,Apr 2006,0
1546,Alireza Firouzja,FR,May 2006,0
1547,Alireza Firouzja,FR,Jun 2006,0
1548,Alireza Firouzja,FR,Jul 2006,0
1549,Alireza Firouzja,FR,Aug 2006,0
1550,Alireza Firouzja,FR,Sep 2006,0
1551,Alireza Firouzja,FR,Oct 2006,0
1552,Alireza Firouzja,FR,Nov 2006,0
1553,Alireza Firouzja,FR,Dec 2006,0
1554,Alireza Firouzja,FR,Jan 2007,0
1555,Alireza Firouzja,FR,Feb 2007,0
1556,Alireza Firouzja,FR,Mar 2007,0
1557,Alireza Firouzja,FR,Apr 2007,0
1558,Alireza Firouzja,FR,May 2007,39
1559,Alireza Firouzja,FR,Jun 2007,0
1560,Alireza Firouzja,FR,Jul 2007,0
1561,Alireza Firouzja,FR,Aug 2007,0
1562,Alireza Firouzja,FR,Sep 2007,0
1563,Alireza Firouzja,FR,Oct 2007,0
1564,Alireza Firouzja,FR,Nov 2007,0
1565,Alireza Firouzja,FR,Dec 2007,0
1566,Alireza Firouzja,FR,Jan 2008,0
1567,Alireza Firouzja,FR,Feb 2008,0
1568,Alireza Firouzja,FR,Mar 2008,0
1569,Alireza Firouzja,FR,Apr 2008,0
1570,Alireza Firouzja,FR,May 2008,0
1571,Alireza Firouzja,FR,Jun 2008,0
1572,Alireza Firouzja,FR,Jul 2008,0
1573,Alireza Firouzja,FR,Aug 2008,0
1574,Alireza Firouzja,FR,Sep 2008,0
1575,Alireza Firouzja,FR,Oct 2008,0
1576,Alireza Firouzja,FR,Nov 2008,0
1577,Alireza Firouzja,FR,Dec 2008,0
1578,Alireza Firouzja,FR,Jan 2009,0
1579,Alireza Firouzja,FR,Feb 2009,0
1580,Alireza Firouzja,FR,Mar 2009,0
1581,Alireza Firouzja,FR,Apr 2009,0
1582,Alireza Firouzja,FR,May 2009,0
1583,Alireza Firouzja,FR,Jun 2009,0
1584,Alireza Firouzja,FR,Jul 2009,0
1585,Alireza Firouzja,FR,Aug 2009,0
1586,Alireza Firouzja,FR,Sep 2009,0
1587,Alireza Firouzja,FR,Oct 2009,0
1588,Alireza Firouzja,FR,Nov 2009,0
1589,Alireza Firouzja,FR,Dec 2009,0
1590,Alireza Firouzja,FR,Jan 2010,0
1591,Alireza Firouzja,FR,Feb 2010,0
1592,Alireza Firouzja,FR,Mar 2010,0
1593,Alireza Firouzja,FR,Apr 2010,0
1594,Alireza Firouzja,FR,May 2010,0
1595,Alireza Firouzja,FR,Jun 2010,0
1596,Alireza Firouzja,FR,Jul 2010,0
1597,Alireza Firouzja,FR,Aug 2010,0
1598,Alireza Firouzja,FR,Sep 2010,0
1599,Alireza Firouzja,FR,Oct 2010,0
1600,Alireza Firouzja,FR,Nov 2010,0
1601,Alireza Firouzja,FR,Dec 2010,0
1602,Alireza Firouzja,FR,Jan 2011,0
1603,Alireza Firouzja,FR,Feb 2011,0
1604,Alireza Firouzja,FR,Mar 2011,0
1605,Alireza Firouzja,FR,Apr 2011,0
1606,Alireza Firouzja,FR,May 2011,0
1607,Alireza Firouzja,FR,Jun 2011,0
1608,Alireza Firouzja,FR,Jul 2011,0
1609,Alireza Firouzja,FR,Aug 2011,0
1610,Alireza Firouzja,FR,Sep 2011,0
1611,Alireza Firouzja,FR,Oct 2011,0
1612,Alireza Firouzja,FR,Nov 2011,0
1613,Alireza Firouzja,FR,Dec 2011,0
1614,Alireza Firouzja,FR,Jan 2012,0
1615,Alireza Firouzja,FR,Feb 2012,0
1616,Alireza Firouzja,FR,Mar 2012,0
1617,Alireza Firouzja,FR,Apr 2012,0
1618,Alireza Firouzja,FR,May 2012,0
1619,Alireza Firouzja,FR,Jun 2012,0
1620,Alireza Firouzja,FR,Jul 2012,0
1621,Alireza Firouzja,FR,Aug 2012,0
1622,Alireza Firouzja,FR,Sep 2012,0
1623,Alireza Firouzja,FR,Oct 2012,0
1624,Alireza Firouzja,FR,Nov 2012,0
1625,Alireza Firouzja,FR,Dec 2012,0
1626,Alireza Firouzja,FR,Jan 2013,0
1627,Alireza Firouzja,FR,Feb 2013,0
1628,Alireza Firouzja,FR,Mar 2013,0
1629,Alireza Firouzja,FR,Apr 2013,0
1630,Alireza Firouzja,FR,May 2013,0
1631,Alireza Firouzja,FR,Jun 2013,0
1632,Alireza Firouzja,FR,Jul 2013,0
1633,Alireza Firouzja,FR,Aug 2013,0
1634,Alireza Firouzja,FR,Sep 2013,0
1635,Alireza Firouzja,FR,Oct 2013,0
1636,Alireza Firouzja,FR,Nov 2013,0
1637,Alireza Firouzja,FR,Dec 2013,0
1638,Alireza Firouzja,FR,Jan 2014,0
1639,Alireza Firouzja,FR,Feb 2014,0
1640,Alireza Firouzja,FR,Mar 2014,0
1641,Alireza Firouzja,FR,Apr 2014,0
1642,Alireza Firouzja,FR,May 2014,0
1643,Alireza Firouzja,FR,Jun 2014,0
1644,Alireza Firouzja,FR,Jul 2014,0
1645,Alireza Firouzja,FR,Aug 2014,0
1646,Alireza Firouzja,FR,Sep 2014,0
1647,Alireza Firouzja,FR,Oct 2014,0
1648,Alireza Firouzja,FR,Nov 2014,0
1649,Alireza Firouzja,FR,Dec 2014,0
1650,Alireza Firouzja,FR,Jan 2015,0
1651,Alireza Firouzja,FR,Feb 2015,0
1652,Alireza Firouzja,FR,Mar 2015,0
1653,Alireza Firouzja,FR,Apr 2015,0
1654,Alireza Firouzja,FR,May 2015,0
1655,Alireza Firouzja,FR,Jun 2015,0
1656,Alireza Firouzja,FR,Jul 2015,0
1657,Alireza Firouzja,FR,Aug 2015,0
1658,Alireza Firouzja,FR,Sep 2015,0
1659,Alireza Firouzja,FR,Oct 2015,0
1660,Alireza Firouzja,FR,Nov 2015,0
1661,Alireza Firouzja,FR,Dec 2015,0
1662,Alireza Firouzja,FR,Jan 2016,0
1663,Alireza Firouzja,FR,Feb 2016,0
1664,Alireza Firouzja,FR,Mar 2016,0
1665,Alireza Firouzja,FR,Apr 2016,0
1666,Alireza Firouzja,FR,May 2016,0
1667,Alireza Firouzja,FR,Jun 2016,0
1668,Alireza Firouzja,FR,Jul 2016,0
1669,Alireza Firouzja,FR,Aug 2016,0
1670,Alireza Firouzja,FR,Sep 2016,0
1671,Alireza Firouzja,FR,Oct 2016,0
1672,Alireza Firouzja,FR,Nov 2016,0
1673,Alireza Firouzja,FR,Dec 2016,0
1674,Alireza Firouzja,FR,Jan 2017,0
1675,Alireza Firouzja,FR,Feb 2017,0
1676,Alireza Firouzja,FR,Mar 2017,0
1677,Alireza Firouzja,FR,Apr 2017,0
1678,Alireza Firouzja,FR,May 2017,0
1679,Alireza Firouzja,FR,Jun 2017,0
1680,Alireza Firouzja,FR,Jul 2017,0
1681,Alireza Firouzja,FR,Aug 2017,0
1682,Alireza Firouzja,FR,Sep 2017,0
1683,Alireza Firouzja,FR,Oct 2017,0
1684,Alireza Firouzja,FR,Nov 2017,0
1685,Alireza Firouzja,FR,Dec 2017,0
1686,Alireza Firouzja,FR,Jan 2018,0
1687,Alireza Firouzja,FR,Feb 2018,0
1688,Alireza Firouzja,FR,Mar 2018,0
1689,Alireza Firouzja,FR,Apr 2018,0
1690,Alireza Firouzja,FR,May 2018,0
1691,Alireza Firouzja,FR,Jun 2018,0
1692,Alireza Firouzja,FR,Jul 2018,0
1693,Alireza Firouzja,FR,Aug 2018,0
1694,Alireza Firouzja,FR,Sep 2018,0
1695,Alireza Firouzja,FR,Oct 2018,0
1696,Alireza Firouzja,FR,Nov 2018,0
1697,Alireza Firouzja,FR,Dec 2018,0
1698,Alireza Firouzja,FR,Jan 2019,0
1699,Alireza Firouzja,FR,Feb 2019,0
1700,Alireza Firouzja,FR,Mar 2019,0
1701,Alireza Firouzja,FR,Apr 2019,0
1702,Alireza Firouzja,FR,May 2019,0
1703,Alireza Firouzja,FR,Jun 2019,0
1704,Alireza Firouzja,FR,Jul 2019,0
1705,Alireza Firouzja,FR,Aug 2019,0
1706,Alireza Firouzja,FR,Sep 2019,0
1707,Alireza Firouzja,FR,Oct 2019,0
1708,Alireza Firouzja,FR,Nov 2019,0
1709,Alireza Firouzja,FR,Dec 2019,12
1710,Alireza Firouzja,FR,Jan 2020,19
1711,Alireza Firouzja,FR,Feb 2020,9
1712,Alireza Firouzja,FR,Mar 2020,0
1713,Alireza Firouzja,FR,Apr 2020,25
1714,Alireza Firouzja,FR,May 2020,31
1715,Alireza Firouzja,FR,Jun 2020,7
1716,Alireza Firouzja,FR,Jul 2020,0
1717,Alireza Firouzja,FR,Aug 2020,0
1718,Alireza Firouzja,FR,Sep 2020,0
1719,Alireza Firouzja,FR,Oct 2020,11
1720,Alireza Firouzja,FR,Nov 2020,0
1721,Alireza Firouzja,FR,Dec 2020,10
1722,Alireza Firouzja,FR,Jan 2021,24
1723,Alireza Firouzja,FR,Feb 2021,21
1724,Alireza Firouzja,FR,Mar 2021,8
1725,Alireza Firouzja,FR,Apr 2021,12
1726,Alireza Firouzja,FR,May 2021,11
1727,Alireza Firouzja,FR,Jun 2021,0
1728,Alireza Firouzja,FR,Jul 2021,55
1729,Alireza Firouzja,FR,Aug 2021,13
1730,Alireza Firouzja,FR,Sep 2021,19
1731,Alireza Firouzja,FR,Oct 2021,10
1732,Alireza Firouzja,FR,Nov 2021,100
1733,Alireza Firouzja,FR,Dec 2021,87
1734,Alireza Firouzja,FR,Jan 2022,28
1735,Alireza Firouzja,FR,Feb 2022,17
1736,Alireza Firouzja,FR,Mar 2022,35
1737,Alireza Firouzja,FR,Apr 2022,8
1738,Alireza Firouzja,FR,May 2022,16
1739,Alireza Firouzja,FR,Jun 2022,50
1740,Alireza Firouzja,FR,Jul 2022,29
1741,Alireza Firouzja,FR,Aug 2022,13
1742,Alireza Firouzja,FR,Sep 2022,29
1743,Alireza Firouzja,FR,Oct 2022,16
1744,Alireza Firouzja,FR,Nov 2022,13
1745,Alireza Firouzja,FR,Dec 2022,19
1746,Alireza Firouzja,FR,Jan 2023,23
1747,Alireza Firouzja,FR,Feb 2023,22
1748,Alireza Firouzja,FR,Mar 2023,25
1749,Alireza Firouzja,FR,Apr 2023,23
1750,Alireza Firouzja,FR,May 2023,51
1751,Alireza Firouzja,FR,Jun 2023,16
1752,Alireza Firouzja,FR,Jul 2023,18
1753,Alireza Firouzja,FR,Aug 2023,27
1754,Alireza Firouzja,FR,Sep 2023,12
1755,Alireza Firouzja,FR,Oct 2023,9
1756,Alireza Firouzja,FR,Nov 2023,15
1757,Alireza Firouzja,FR,Dec 2023,51
1758,Alireza Firouzja,FR,Jan 2024,31
1759,Alireza Firouzja,FR,Feb 2024,15
1760,Alireza Firouzja,FR,Mar 2024,10
1761,Alireza Firouzja,FR,Apr 2024,65
1762,Alireza Firouzja,FR,May 2024,23
1763,Alireza Firouzja,FR,Jun 2024,25
1764,Alireza Firouzja,FR,Jul 2024,16
1765,Alireza Firouzja,FR,Aug 2024,24
1766,Alireza Firouzja,FR,Sep 2024,25
1767,Alireza Firouzja,FR,Oct 2024,17
1768,Alireza Firouzja,FR,Nov 2024,14
1769,Alireza Firouzja,FR,Dec 2024,44
1770,Alireza Firouzja,FR,Jan 2025,29
1771,Ian Nepomniachtchi,RU,Jan 2004,0
1772,Ian Nepomniachtchi,RU,Feb 2004,0
1773,Ian Nepomniachtchi,RU,Mar 2004,0
1774,Ian Nepomniachtchi,RU,Apr 2004,0
1775,Ian Nepomniachtchi,RU,May 2004,0
1776,Ian Nepomniachtchi,RU,Jun 2004,0
1777,Ian Nepomniachtchi,RU,Jul 2004,0
1778,Ian Nepomniachtchi,RU,Aug 2004,0
1779,Ian Nepomniachtchi,RU,Sep 2004,0
1780,Ian Nepomniachtchi,RU,Oct 2004,0
1781,Ian Nepomniachtchi,RU,Nov 2004,0
1782,Ian Nepomniachtchi,RU,Dec 2004,0
1783,Ian Nepomniachtchi,RU,Jan 2005,0
1784,Ian Nepomniachtchi,RU,Feb 2005,0
1785,Ian Nepomniachtchi,RU,Mar 2005,0
1786,Ian Nepomniachtchi,RU,Apr 2005,0
1787,Ian Nepomniachtchi,RU,May 2005,0
1788,Ian Nepomniachtchi,RU,Jun 2005,0
1789,Ian Nepomniachtchi,RU,Jul 2005,0
1790,Ian Nepomniachtchi,RU,Aug 2005,0
1791,Ian Nepomniachtchi,RU,Sep 2005,100
1792,Ian Nepomniachtchi,RU,Oct 2005,0
1793,Ian Nepomniachtchi,RU,Nov 2005,0
1794,Ian Nepomniachtchi,RU,Dec 2005,0
1795,Ian Nepomniachtchi,RU,Jan 2006,0
1796,Ian Nepomniachtchi,RU,Feb 2006,0
1797,Ian Nepomniachtchi,RU,Mar 2006,0
1798,Ian Nepomniachtchi,RU,Apr 2006,0
1799,Ian Nepomniachtchi,RU,May 2006,0
1800,Ian Nepomniachtchi,RU,Jun 2006,0
1801,Ian Nepomniachtchi,RU,Jul 2006,0
1802,Ian Nepomniachtchi,RU,Aug 2006,0
1803,Ian Nepomniachtchi,RU,Sep 2006,0
1804,Ian Nepomniachtchi,RU,Oct 2006,0
1805,Ian Nepomniachtchi,RU,Nov 2006,0
1806,Ian Nepomniachtchi,RU,Dec 2006,0
1807,Ian Nepomniachtchi,RU,Jan 2007,0
1808,Ian Nepomniachtchi,RU,Feb 2007,0
1809,Ian Nepomniachtchi,RU,Mar 2007,0
1810,Ian Nepomniachtchi,RU,Apr 2007,0
1811,Ian Nepomniachtchi,RU,May 2007,0
1812,Ian Nepomniachtchi,RU,Jun 2007,0
1813,Ian Nepomniachtchi,RU,Jul 2007,0
1814,Ian Nepomniachtchi,RU,Aug 2007,0
1815,Ian Nepomniachtchi,RU,Sep 2007,0
1816,Ian Nepomniachtchi,RU,Oct 2007,0
1817,Ian Nepomniachtchi,RU,Nov 2007,0
1818,Ian Nepomniachtchi,RU,Dec 2007,0
1819,Ian Nepomniachtchi,RU,Jan 2008,0
1820,Ian Nepomniachtchi,RU,Feb 2008,0
1821,Ian Nepomniachtchi,RU,Mar 2008,0
1822,Ian Nepomniachtchi,RU,Apr 2008,0
1823,Ian Nepomniachtchi,RU,May 2008,0
1824,Ian Nepomniachtchi,RU,Jun 2008,0
1825,Ian Nepomniachtchi,RU,Jul 2008,0
1826,Ian Nepomniachtchi,RU,Aug 2008,0
1827,Ian Nepomniachtchi,RU,Sep 2008,0
1828,Ian Nepomniachtchi,RU,Oct 2008,0
1829,Ian Nepomniachtchi,RU,Nov 2008,0
1830,Ian Nepomniachtchi,RU,Dec 2008,0
1831,Ian Nepomniachtchi,RU,Jan 2009,0
1832,Ian Nepomniachtchi,RU,Feb 2009,0
1833,Ian Nepomniachtchi,RU,Mar 2009,0
1834,Ian Nepomniachtchi,RU,Apr 2009,0
1835,Ian Nepomniachtchi,RU,May 2009,0
1836,Ian Nepomniachtchi,RU,Jun 2009,0
1837,Ian Nepomniachtchi,RU,Jul 2009,0
1838,Ian Nepomniachtchi,RU,Aug 2009,0
1839,Ian Nepomniachtchi,RU,Sep 2009,0
1840,Ian Nepomniachtchi,RU,Oct 2009,0
1841,Ian Nepomniachtchi,RU,Nov 2009,0
1842,Ian Nepomniachtchi,RU,Dec 2009,0
1843,Ian Nepomniachtchi,RU,Jan 2010,0
1844,Ian Nepomniachtchi,RU,Feb 2010,0
1845,Ian Nepomniachtchi,RU,Mar 2010,0
1846,Ian Nepomniachtchi,RU,Apr 2010,0
1847,Ian Nepomniachtchi,RU,May 2010,0
1848,Ian Nepomniachtchi,RU,Jun 2010,0
1849,Ian Nepomniachtchi,RU,Jul 2010,0
1850,Ian Nepomniachtchi,RU,Aug 2010,0
1851,Ian Nepomniachtchi,RU,Sep 2010,0
1852,Ian Nepomniachtchi,RU,Oct 2010,0
1853,Ian Nepomniachtchi,RU,Nov 2010,0
1854,Ian Nepomniachtchi,RU,Dec 2010,0
1855,Ian Nepomniachtchi,RU,Jan 2011,0
1856,Ian Nepomniachtchi,RU,Feb 2011,0
1857,Ian Nepomniachtchi,RU,Mar 2011,0
1858,Ian Nepomniachtchi,RU,Apr 2011,0
1859,Ian Nepomniachtchi,RU,May 2011,0
1860,Ian Nepomniachtchi,RU,Jun 2011,0
1861,Ian Nepomniachtchi,RU,Jul 2011,0
1862,Ian Nepomniachtchi,RU,Aug 2011,0
1863,Ian Nepomniachtchi,RU,Sep 2011,0
1864,Ian Nepomniachtchi,RU,Oct 2011,0
1865,Ian Nepomniachtchi,RU,Nov 2011,0
1866,Ian Nepomniachtchi,RU,Dec 2011,0
1867,Ian Nepomniachtchi,RU,Jan 2012,0
1868,Ian Nepomniachtchi,RU,Feb 2012,0
1869,Ian Nepomniachtchi,RU,Mar 2012,0
1870,Ian Nepomniachtchi,RU,Apr 2012,0
1871,Ian Nepomniachtchi,RU,May 2012,0
1872,Ian Nepomniachtchi,RU,Jun 2012,0
1873,Ian Nepomniachtchi,RU,Jul 2012,0
1874,Ian Nepomniachtchi,RU,Aug 2012,0
1875,Ian Nepomniachtchi,RU,Sep 2012,0
1876,Ian Nepomniachtchi,RU,Oct 2012,0
1877,Ian Nepomniachtchi,RU,Nov 2012,0
1878,Ian Nepomniachtchi,RU,Dec 2012,0
1879,Ian Nepomniachtchi,RU,Jan 2013,0
1880,Ian Nepomniachtchi,RU,Feb 2013,0
1881,Ian Nepomniachtchi,RU,Mar 2013,0
1882,Ian Nepomniachtchi,RU,Apr 2013,0
1883,Ian Nepomniachtchi,RU,May 2013,0
1884,Ian Nepomniachtchi,RU,Jun 2013,0
1885,Ian Nepomniachtchi,RU,Jul 2013,0
1886,Ian Nepomniachtchi,RU,Aug 2013,0
1887,Ian Nepomniachtchi,RU,Sep 2013,0
1888,Ian Nepomniachtchi,RU,Oct 2013,0
1889,Ian Nepomniachtchi,RU,Nov 2013,0
1890,Ian Nepomniachtchi,RU,Dec 2013,0
1891,Ian Nepomniachtchi,RU,Jan 2014,0
1892,Ian Nepomniachtchi,RU,Feb 2014,0
1893,Ian Nepomniachtchi,RU,Mar 2014,0
1894,Ian Nepomniachtchi,RU,Apr 2014,0
1895,Ian Nepomniachtchi,RU,May 2014,0
1896,Ian Nepomniachtchi,RU,Jun 2014,0
1897,Ian Nepomniachtchi,RU,Jul 2014,0
1898,Ian Nepomniachtchi,RU,Aug 2014,0
1899,Ian Nepomniachtchi,RU,Sep 2014,0
1900,Ian Nepomniachtchi,RU,Oct 2014,0
1901,Ian Nepomniachtchi,RU,Nov 2014,0
1902,Ian Nepomniachtchi,RU,Dec 2014,0
1903,Ian Nepomniachtchi,RU,Jan 2015,0
1904,Ian Nepomniachtchi,RU,Feb 2015,0
1905,Ian Nepomniachtchi,RU,Mar 2015,0
1906,Ian Nepomniachtchi,RU,Apr 2015,0
1907,Ian Nepomniachtchi,RU,May 2015,0
1908,Ian Nepomniachtchi,RU,Jun 2015,0
1909,Ian Nepomniachtchi,RU,Jul 2015,0
1910,Ian Nepomniachtchi,RU,Aug 2015,0
1911,Ian Nepomniachtchi,RU,Sep 2015,0
1912,Ian Nepomniachtchi,RU,Oct 2015,0
1913,Ian Nepomniachtchi,RU,Nov 2015,0
1914,Ian Nepomniachtchi,RU,Dec 2015,0
1915,Ian Nepomniachtchi,RU,Jan 2016,0
1916,Ian Nepomniachtchi,RU,Feb 2016,0
1917,Ian Nepomniachtchi,RU,Mar 2016,0
1918,Ian Nepomniachtchi,RU,Apr 2016,0
1919,Ian Nepomniachtchi,RU,May 2016,0
1920,Ian Nepomniachtchi,RU,Jun 2016,0
1921,Ian Nepomniachtchi,RU,Jul 2016,0
1922,Ian Nepomniachtchi,RU,Aug 2016,0
1923,Ian Nepomniachtchi,RU,Sep 2016,0
1924,Ian Nepomniachtchi,RU,Oct 2016,0
1925,Ian Nepomniachtchi,RU,Nov 2016,0
1926,Ian Nepomniachtchi,RU,Dec 2016,0
1927,Ian Nepomniachtchi,RU,Jan 2017,0
1928,Ian Nepomniachtchi,RU,Feb 2017,0
1929,Ian Nepomniachtchi,RU,Mar 2017,0
1930,Ian Nepomniachtchi,RU,Apr 2017,0
1931,Ian Nepomniachtchi,RU,May 2017,0
1932,Ian Nepomniachtchi,RU,Jun 2017,0
1933,Ian Nepomniachtchi,RU,Jul 2017,0
1934,Ian Nepomniachtchi,RU,Aug 2017,0
1935,Ian Nepomniachtchi,RU,Sep 2017,0
1936,Ian Nepomniachtchi,RU,Oct 2017,0
1937,Ian Nepomniachtchi,RU,Nov 2017,0
1938,Ian Nepomniachtchi,RU,Dec 2017,0
1939,Ian Nepomniachtchi,RU,Jan 2018,0
1940,Ian Nepomniachtchi,RU,Feb 2018,0
1941,Ian Nepomniachtchi,RU,Mar 2018,0
1942,Ian Nepomniachtchi,RU,Apr 2018,0
1943,Ian Nepomniachtchi,RU,May 2018,0
1944,Ian Nepomniachtchi,RU,Jun 2018,0
1945,Ian Nepomniachtchi,RU,Jul 2018,0
1946,Ian Nepomniachtchi,RU,Aug 2018,0
1947,Ian Nepomniachtchi,RU,Sep 2018,0
1948,Ian Nepomniachtchi,RU,Oct 2018,0
1949,Ian Nepomniachtchi,RU,Nov 2018,0
1950,Ian Nepomniachtchi,RU,Dec 2018,0
1951,Ian Nepomniachtchi,RU,Jan 2019,0
1952,Ian Nepomniachtchi,RU,Feb 2019,0
1953,Ian Nepomniachtchi,RU,Mar 2019,0
1954,Ian Nepomniachtchi,RU,Apr 2019,0
1955,Ian Nepomniachtchi,RU,May 2019,0
1956,Ian Nepomniachtchi,RU,Jun 2019,0
1957,Ian Nepomniachtchi,RU,Jul 2019,0
1958,Ian Nepomniachtchi,RU,Aug 2019,0
1959,Ian Nepomniachtchi,RU,Sep 2019,0
1960,Ian Nepomniachtchi,RU,Oct 2019,0
1961,Ian Nepomniachtchi,RU,Nov 2019,0
1962,Ian Nepomniachtchi,RU,Dec 2019,0
1963,Ian Nepomniachtchi,RU,Jan 2020,0
1964,Ian Nepomniachtchi,RU,Feb 2020,0
1965,Ian Nepomniachtchi,RU,Mar 2020,0
1966,Ian Nepomniachtchi,RU,Apr 2020,0
1967,Ian Nepomniachtchi,RU,May 2020,0
1968,Ian Nepomniachtchi,RU,Jun 2020,0
1969,Ian Nepomniachtchi,RU,Jul 2020,0
1970,Ian Nepomniachtchi,RU,Aug 2020,0
1971,Ian Nepomniachtchi,RU,Sep 2020,0
1972,Ian Nepomniachtchi,RU,Oct 2020,0
1973,Ian Nepomniachtchi,RU,Nov 2020,0
1974,Ian Nepomniachtchi,RU,Dec 2020,0
1975,Ian Nepomniachtchi,RU,Jan 2021,0
1976,Ian Nepomniachtchi,RU,Feb 2021,0
1977,Ian Nepomniachtchi,RU,Mar 2021,0
1978,Ian Nepomniachtchi,RU,Apr 2021,0
1979,Ian Nepomniachtchi,RU,May 2021,0
1980,Ian Nepomniachtchi,RU,Jun 2021,0
1981,Ian Nepomniachtchi,RU,Jul 2021,0
1982,Ian Nepomniachtchi,RU,Aug 2021,0
1983,Ian Nepomniachtchi,RU,Sep 2021,0
1984,Ian Nepomniachtchi,RU,Oct 2021,0
1985,Ian Nepomniachtchi,RU,Nov 2021,0
1986,Ian Nepomniachtchi,RU,Dec 2021,0
1987,Ian Nepomniachtchi,RU,Jan 2022,0
1988,Ian Nepomniachtchi,RU,Feb 2022,0
1989,Ian Nepomniachtchi,RU,Mar 2022,0
1990,Ian Nepomniachtchi,RU,Apr 2022,0
1991,Ian Nepomniachtchi,RU,May 2022,0
1992,Ian Nepomniachtchi,RU,Jun 2022,0
1993,Ian Nepomniachtchi,RU,Jul 2022,0
1994,Ian Nepomniachtchi,RU,Aug 2022,0
1995,Ian Nepomniachtchi,RU,Sep 2022,0
1996,Ian Nepomniachtchi,RU,Oct 2022,0
1997,Ian Nepomniachtchi,RU,Nov 2022,0
1998,Ian Nepomniachtchi,RU,Dec 2022,0
1999,Ian Nepomniachtchi,RU,Jan 2023,0
2000,Ian Nepomniachtchi,RU,Feb 2023,0
2001,Ian Nepomniachtchi,RU,Mar 2023,0
2002,Ian Nepomniachtchi,RU,Apr 2023,1
2003,Ian Nepomniachtchi,RU,May 2023,0
2004,Ian Nepomniachtchi,RU,Jun 2023,0
2005,Ian Nepomniachtchi,RU,Jul 2023,0
2006,Ian Nepomniachtchi,RU,Aug 2023,0
2007,Ian Nepomniachtchi,RU,Sep 2023,0
2008,Ian Nepomniachtchi,RU,Oct 2023,0
2009,Ian Nepomniachtchi,RU,Nov 2023,0
2010,Ian Nepomniachtchi,RU,Dec 2023,0
2011,Ian Nepomniachtchi,RU,Jan 2024,0
2012,Ian Nepomniachtchi,RU,Feb 2024,0
2013,Ian Nepomniachtchi,RU,Mar 2024,0
2014,Ian Nepomniachtchi,RU,Apr 2024,0
2015,Ian Nepomniachtchi,RU,May 2024,0
2016,Ian Nepomniachtchi,RU,Jun 2024,0
2017,Ian Nepomniachtchi,RU,Jul 2024,0
2018,Ian Nepomniachtchi,RU,Aug 2024,0
2019,Ian Nepomniachtchi,RU,Sep 2024,0
2020,Ian Nepomniachtchi,RU,Oct 2024,0
2021,Ian Nepomniachtchi,RU,Nov 2024,0
2022,Ian Nepomniachtchi,RU,Dec 2024,0
2023,Ian Nepomniachtchi,RU,Jan 2025,0
2024,Yi Wei,CN,Jan 2004,0
2025,Yi Wei,CN,Feb 2004,0
2026,Yi Wei,CN,Mar 2004,0
2027,Yi Wei,CN,Apr 2004,0
2028,Yi Wei,CN,May 2004,46
2029,Yi Wei,CN,Jun 2004,0
2030,Yi Wei,CN,Jul 2004,0
2031,Yi Wei,CN,Aug 2004,0
2032,Yi Wei,CN,Sep 2004,0
2033,Yi Wei,CN,Oct 2004,0
2034,Yi Wei,CN,Nov 2004,0
2035,Yi Wei,CN,Dec 2004,0
2036,Yi Wei,CN,Jan 2005,0
2037,Yi Wei,CN,Feb 2005,0
2038,Yi Wei,CN,Mar 2005,0
2039,Yi Wei,CN,Apr 2005,0
2040,Yi Wei,CN,May 2005,0
2041,Yi Wei,CN,Jun 2005,0
2042,Yi Wei,CN,Jul 2005,0
2043,Yi Wei,CN,Aug 2005,0
2044,Yi Wei,CN,Sep 2005,0
2045,Yi Wei,CN,Oct 2005,0
2046,Yi Wei,CN,Nov 2005,0
2047,Yi Wei,CN,Dec 2005,0
2048,Yi Wei,CN,Jan 2006,0
2049,Yi Wei,CN,Feb 2006,0
2050,Yi Wei,CN,Mar 2006,0
2051,Yi Wei,CN,Apr 2006,30
2052,Yi Wei,CN,May 2006,0
2053,Yi Wei,CN,Jun 2006,0
2054,Yi Wei,CN,Jul 2006,0
2055,Yi Wei,CN,Aug 2006,0
2056,Yi Wei,CN,Sep 2006,0
2057,Yi Wei,CN,Oct 2006,0
2058,Yi Wei,CN,Nov 2006,32
2059,Yi Wei,CN,Dec 2006,0
2060,Yi Wei,CN,Jan 2007,0
2061,Yi Wei,CN,Feb 2007,0
2062,Yi Wei,CN,Mar 2007,0
2063,Yi Wei,CN,Apr 2007,0
2064,Yi Wei,CN,May 2007,0
2065,Yi Wei,CN,Jun 2007,0
2066,Yi Wei,CN,Jul 2007,0
2067,Yi Wei,CN,Aug 2007,0
2068,Yi Wei,CN,Sep 2007,0
2069,Yi Wei,CN,Oct 2007,21
2070,Yi Wei,CN,Nov 2007,0
2071,Yi Wei,CN,Dec 2007,0
2072,Yi Wei,CN,Jan 2008,20
2073,Yi Wei,CN,Feb 2008,0
2074,Yi Wei,CN,Mar 2008,13
2075,Yi Wei,CN,Apr 2008,0
2076,Yi Wei,CN,May 2008,0
2077,Yi Wei,CN,Jun 2008,14
2078,Yi Wei,CN,Jul 2008,0
2079,Yi Wei,CN,Aug 2008,13
2080,Yi Wei,CN,Sep 2008,0
2081,Yi Wei,CN,Oct 2008,0
2082,Yi Wei,CN,Nov 2008,0
2083,Yi Wei,CN,Dec 2008,17
2084,Yi Wei,CN,Jan 2009,14
2085,Yi Wei,CN,Feb 2009,0
2086,Yi Wei,CN,Mar 2009,0
2087,Yi Wei,CN,Apr 2009,0
2088,Yi Wei,CN,May 2009,0
2089,Yi Wei,CN,Jun 2009,13
2090,Yi Wei,CN,Jul 2009,0
2091,Yi Wei,CN,Aug 2009,14
2092,Yi Wei,CN,Sep 2009,0
2093,Yi Wei,CN,Oct 2009,17
2094,Yi Wei,CN,Nov 2009,10
2095,Yi Wei,CN,Dec 2009,0
2096,Yi Wei,CN,Jan 2010,0
2097,Yi Wei,CN,Feb 2010,12
2098,Yi Wei,CN,Mar 2010,11
2099,Yi Wei,CN,Apr 2010,11
2100,Yi Wei,CN,May 2010,0
2101,Yi Wei,CN,Jun 2010,0
2102,Yi Wei,CN,Jul 2010,17
2103,Yi Wei,CN,Aug 2010,0
2104,Yi Wei,CN,Sep 2010,0
2105,Yi Wei,CN,Oct 2010,0
2106,Yi Wei,CN,Nov 2010,0
2107,Yi Wei,CN,Dec 2010,0
2108,Yi Wei,CN,Jan 2011,0
2109,Yi Wei,CN,Feb 2011,0
2110,Yi Wei,CN,Mar 2011,0
2111,Yi Wei,CN,Apr 2011,0
2112,Yi Wei,CN,May 2011,0
2113,Yi Wei,CN,Jun 2011,14
2114,Yi Wei,CN,Jul 2011,12
2115,Yi Wei,CN,Aug 2011,9
2116,Yi Wei,CN,Sep 2011,9
2117,Yi Wei,CN,Oct 2011,0
2118,Yi Wei,CN,Nov 2011,0
2119,Yi Wei,CN,Dec 2011,16
2120,Yi Wei,CN,Jan 2012,0
2121,Yi Wei,CN,Feb 2012,0
2122,Yi Wei,CN,Mar 2012,10
2123,Yi Wei,CN,Apr 2012,0
2124,Yi Wei,CN,May 2012,0
2125,Yi Wei,CN,Jun 2012,8
2126,Yi Wei,CN,Jul 2012,8
2127,Yi Wei,CN,Aug 2012,0
2128,Yi Wei,CN,Sep 2012,0
2129,Yi Wei,CN,Oct 2012,0
2130,Yi Wei,CN,Nov 2012,0
2131,Yi Wei,CN,Dec 2012,0
2132,Yi Wei,CN,Jan 2013,0
2133,Yi Wei,CN,Feb 2013,0
2134,Yi Wei,CN,Mar 2013,0
2135,Yi Wei,CN,Apr 2013,0
2136,Yi Wei,CN,May 2013,26
2137,Yi Wei,CN,Jun 2013,0
2138,Yi Wei,CN,Jul 2013,0
2139,Yi Wei,CN,Aug 2013,21
2140,Yi Wei,CN,Sep 2013,0
2141,Yi Wei,CN,Oct 2013,0
2142,Yi Wei,CN,Nov 2013,0
2143,Yi Wei,CN,Dec 2013,22
2144,Yi Wei,CN,Jan 2014,0
2145,Yi Wei,CN,Feb 2014,0
2146,Yi Wei,CN,Mar 2014,0
2147,Yi Wei,CN,Apr 2014,0
2148,Yi Wei,CN,May 2014,21
2149,Yi Wei,CN,Jun 2014,0
2150,Yi Wei,CN,Jul 2014,0
2151,Yi Wei,CN,Aug 2014,0
2152,Yi Wei,CN,Sep 2014,0
2153,Yi Wei,CN,Oct 2014,0
2154,Yi Wei,CN,Nov 2014,0
2155,Yi Wei,CN,Dec 2014,0
2156,Yi Wei,CN,Jan 2015,0
2157,Yi Wei,CN,Feb 2015,0
2158,Yi Wei,CN,Mar 2015,0
2159,Yi Wei,CN,Apr 2015,0
2160,Yi Wei,CN,May 2015,0
2161,Yi Wei,CN,Jun 2015,0
2162,Yi Wei,CN,Jul 2015,0
2163,Yi Wei,CN,Aug 2015,0
2164,Yi Wei,CN,Sep 2015,0
2165,Yi Wei,CN,Oct 2015,0
2166,Yi Wei,CN,Nov 2015,0
2167,Yi Wei,CN,Dec 2015,0
2168,Yi Wei,CN,Jan 2016,0
2169,Yi Wei,CN,Feb 2016,0
2170,Yi Wei,CN,Mar 2016,0
2171,Yi Wei,CN,Apr 2016,0
2172,Yi Wei,CN,May 2016,0
2173,Yi Wei,CN,Jun 2016,0
2174,Yi Wei,CN,Jul 2016,0
2175,Yi Wei,CN,Aug 2016,0
2176,Yi Wei,CN,Sep 2016,0
2177,Yi Wei,CN,Oct 2016,0
2178,Yi Wei,CN,Nov 2016,0
2179,Yi Wei,CN,Dec 2016,0
2180,Yi Wei,CN,Jan 2017,0
2181,Yi Wei,CN,Feb 2017,0
2182,Yi Wei,CN,Mar 2017,0
2183,Yi Wei,CN,Apr 2017,0
2184,Yi Wei,CN,May 2017,0
2185,Yi Wei,CN,Jun 2017,0
2186,Yi Wei,CN,Jul 2017,0
2187,Yi Wei,CN,Aug 2017,0
2188,Yi Wei,CN,Sep 2017,0
2189,Yi Wei,CN,Oct 2017,0
2190,Yi Wei,CN,Nov 2017,0
2191,Yi Wei,CN,Dec 2017,0
2192,Yi Wei,CN,Jan 2018,0
2193,Yi Wei,CN,Feb 2018,0
2194,Yi Wei,CN,Mar 2018,0
2195,Yi Wei,CN,Apr 2018,0
2196,Yi Wei,CN,May 2018,0
2197,Yi Wei,CN,Jun 2018,0
2198,Yi Wei,CN,Jul 2018,0
2199,Yi Wei,CN,Aug 2018,0
2200,Yi Wei,CN,Sep 2018,0
2201,Yi Wei,CN,Oct 2018,0
2202,Yi Wei,CN,Nov 2018,0
2203,Yi Wei,CN,Dec 2018,0
2204,Yi Wei,CN,Jan 2019,0
2205,Yi Wei,CN,Feb 2019,0
2206,Yi Wei,CN,Mar 2019,0
2207,Yi Wei,CN,Apr 2019,0
2208,Yi Wei,CN,May 2019,0
2209,Yi Wei,CN,Jun 2019,0
2210,Yi Wei,CN,Jul 2019,0
2211,Yi Wei,CN,Aug 2019,0
2212,Yi Wei,CN,Sep 2019,0
2213,Yi Wei,CN,Oct 2019,0
2214,Yi Wei,CN,Nov 2019,0
2215,Yi Wei,CN,Dec 2019,0
2216,Yi Wei,CN,Jan 2020,0
2217,Yi Wei,CN,Feb 2020,0
2218,Yi Wei,CN,Mar 2020,0
2219,Yi Wei,CN,Apr 2020,0
2220,Yi Wei,CN,May 2020,0
2221,Yi Wei,CN,Jun 2020,0
2222,Yi Wei,CN,Jul 2020,0
2223,Yi Wei,CN,Aug 2020,0
2224,Yi Wei,CN,Sep 2020,0
2225,Yi Wei,CN,Oct 2020,0
2226,Yi Wei,CN,Nov 2020,0
2227,Yi Wei,CN,Dec 2020,0
2228,Yi Wei,CN,Jan 2021,0
2229,Yi Wei,CN,Feb 2021,0
2230,Yi Wei,CN,Mar 2021,0
2231,Yi Wei,CN,Apr 2021,0
2232,Yi Wei,CN,May 2021,0
2233,Yi Wei,CN,Jun 2021,0
2234,Yi Wei,CN,Jul 2021,0
2235,Yi Wei,CN,Aug 2021,0
2236,Yi Wei,CN,Sep 2021,0
2237,Yi Wei,CN,Oct 2021,0
2238,Yi Wei,CN,Nov 2021,0
2239,Yi Wei,CN,Dec 2021,0
2240,Yi Wei,CN,Jan 2022,0
2241,Yi Wei,CN,Feb 2022,0
2242,Yi Wei,CN,Mar 2022,0
2243,Yi Wei,CN,Apr 2022,0
2244,Yi Wei,CN,May 2022,0
2245,Yi Wei,CN,Jun 2022,0
2246,Yi Wei,CN,Jul 2022,0
2247,Yi Wei,CN,Aug 2022,0
2248,Yi Wei,CN,Sep 2022,0
2249,Yi Wei,CN,Oct 2022,0
2250,Yi Wei,CN,Nov 2022,0
2251,Yi Wei,CN,Dec 2022,0
2252,Yi Wei,CN,Jan 2023,0
2253,Yi Wei,CN,Feb 2023,0
2254,Yi Wei,CN,Mar 2023,0
2255,Yi Wei,CN,Apr 2023,0
2256,Yi Wei,CN,May 2023,0
2257,Yi Wei,CN,Jun 2023,0
2258,Yi Wei,CN,Jul 2023,0
2259,Yi Wei,CN,Aug 2023,0
2260,Yi Wei,CN,Sep 2023,0
2261,Yi Wei,CN,Oct 2023,0
2262,Yi Wei,CN,Nov 2023,0
2263,Yi Wei,CN,Dec 2023,0
2264,Yi Wei,CN,Jan 2024,0
2265,Yi Wei,CN,Feb 2024,0
2266,Yi Wei,CN,Mar 2024,0
2267,Yi Wei,CN,Apr 2024,80
2268,Yi Wei,CN,May 2024,0
2269,Yi Wei,CN,Jun 2024,0
2270,Yi Wei,CN,Jul 2024,0
2271,Yi Wei,CN,Aug 2024,0
2272,Yi Wei,CN,Sep 2024,0
2273,Yi Wei,CN,Oct 2024,100
2274,Yi Wei,CN,Nov 2024,90
2275,Yi Wei,CN,Dec 2024,0
2276,Yi Wei,CN,Jan 2025,13
2277,Viswanathan Anand,IN,Jan 2004,0
2278,Viswanathan Anand,IN,Feb 2004,0
2279,Viswanathan Anand,IN,Mar 2004,0
2280,Viswanathan Anand,IN,Apr 2004,0
2281,Viswanathan Anand,IN,May 2004,0
2282,Viswanathan Anand,IN,Jun 2004,0
2283,Viswanathan Anand,IN,Jul 2004,0
2284,Viswanathan Anand,IN,Aug 2004,0
2285,Viswanathan Anand,IN,Sep 2004,28
2286,Viswanathan Anand,IN,Oct 2004,0
2287,Viswanathan Anand,IN,Nov 2004,0
2288,Viswanathan Anand,IN,Dec 2004,0
2289,Viswanathan Anand,IN,Jan 2005,0
2290,Viswanathan Anand,IN,Feb 2005,0
2291,Viswanathan Anand,IN,Mar 2005,0
2292,Viswanathan Anand,IN,Apr 2005,0
2293,Viswanathan Anand,IN,May 2005,0
2294,Viswanathan Anand,IN,Jun 2005,0
2295,Viswanathan Anand,IN,Jul 2005,0
2296,Viswanathan Anand,IN,Aug 2005,0
2297,Viswanathan Anand,IN,Sep 2005,0
2298,Viswanathan Anand,IN,Oct 2005,0
2299,Viswanathan Anand,IN,Nov 2005,0
2300,Viswanathan Anand,IN,Dec 2005,0
2301,Viswanathan Anand,IN,Jan 2006,0
2302,Viswanathan Anand,IN,Feb 2006,0
2303,Viswanathan Anand,IN,Mar 2006,14
2304,Viswanathan Anand,IN,Apr 2006,0
2305,Viswanathan Anand,IN,May 2006,0
2306,Viswanathan Anand,IN,Jun 2006,0
2307,Viswanathan Anand,IN,Jul 2006,0
2308,Viswanathan Anand,IN,Aug 2006,0
2309,Viswanathan Anand,IN,Sep 2006,0
2310,Viswanathan Anand,IN,Oct 2006,0
2311,Viswanathan Anand,IN,Nov 2006,0
2312,Viswanathan Anand,IN,Dec 2006,0
2313,Viswanathan Anand,IN,Jan 2007,0
2314,Viswanathan Anand,IN,Feb 2007,0
2315,Viswanathan Anand,IN,Mar 2007,0
2316,Viswanathan Anand,IN,Apr 2007,0
2317,Viswanathan Anand,IN,May 2007,0
2318,Viswanathan Anand,IN,Jun 2007,7
2319,Viswanathan Anand,IN,Jul 2007,0
2320,Viswanathan Anand,IN,Aug 2007,8
2321,Viswanathan Anand,IN,Sep 2007,7
2322,Viswanathan Anand,IN,Oct 2007,19
2323,Viswanathan Anand,IN,Nov 2007,0
2324,Viswanathan Anand,IN,Dec 2007,0
2325,Viswanathan Anand,IN,Jan 2008,7
2326,Viswanathan Anand,IN,Feb 2008,7
2327,Viswanathan Anand,IN,Mar 2008,7
2328,Viswanathan Anand,IN,Apr 2008,0
2329,Viswanathan Anand,IN,May 2008,0
2330,Viswanathan Anand,IN,Jun 2008,0
2331,Viswanathan Anand,IN,Jul 2008,0
2332,Viswanathan Anand,IN,Aug 2008,0
2333,Viswanathan Anand,IN,Sep 2008,5
2334,Viswanathan Anand,IN,Oct 2008,33
2335,Viswanathan Anand,IN,Nov 2008,21
2336,Viswanathan Anand,IN,Dec 2008,10
2337,Viswanathan Anand,IN,Jan 2009,0
2338,Viswanathan Anand,IN,Feb 2009,7
2339,Viswanathan Anand,IN,Mar 2009,0
2340,Viswanathan Anand,IN,Apr 2009,5
2341,Viswanathan Anand,IN,May 2009,0
2342,Viswanathan Anand,IN,Jun 2009,9
2343,Viswanathan Anand,IN,Jul 2009,6
2344,Viswanathan Anand,IN,Aug 2009,5
2345,Viswanathan Anand,IN,Sep 2009,6
2346,Viswanathan Anand,IN,Oct 2009,5
2347,Viswanathan Anand,IN,Nov 2009,4
2348,Viswanathan Anand,IN,Dec 2009,12
2349,Viswanathan Anand,IN,Jan 2010,9
2350,Viswanathan Anand,IN,Feb 2010,8
2351,Viswanathan Anand,IN,Mar 2010,8
2352,Viswanathan Anand,IN,Apr 2010,18
2353,Viswanathan Anand,IN,May 2010,66
2354,Viswanathan Anand,IN,Jun 2010,22
2355,Viswanathan Anand,IN,Jul 2010,12
2356,Viswanathan Anand,IN,Aug 2010,32
2357,Viswanathan Anand,IN,Sep 2010,14
2358,Viswanathan Anand,IN,Oct 2010,16
2359,Viswanathan Anand,IN,Nov 2010,16
2360,Viswanathan Anand,IN,Dec 2010,13
2361,Viswanathan Anand,IN,Jan 2011,12
2362,Viswanathan Anand,IN,Feb 2011,9
2363,Viswanathan Anand,IN,Mar 2011,7
2364,Viswanathan Anand,IN,Apr 2011,9
2365,Viswanathan Anand,IN,May 2011,8
2366,Viswanathan Anand,IN,Jun 2011,8
2367,Viswanathan Anand,IN,Jul 2011,11
2368,Viswanathan Anand,IN,Aug 2011,12
2369,Viswanathan Anand,IN,Sep 2011,14
2370,Viswanathan Anand,IN,Oct 2011,13
2371,Viswanathan Anand,IN,Nov 2011,13
2372,Viswanathan Anand,IN,Dec 2011,9
2373,Viswanathan Anand,IN,Jan 2012,10
2374,Viswanathan Anand,IN,Feb 2012,8
2375,Viswanathan Anand,IN,Mar 2012,7
2376,Viswanathan Anand,IN,Apr 2012,8
2377,Viswanathan Anand,IN,May 2012,57
2378,Viswanathan Anand,IN,Jun 2012,38
2379,Viswanathan Anand,IN,Jul 2012,20
2380,Viswanathan Anand,IN,Aug 2012,16
2381,Viswanathan Anand,IN,Sep 2012,26
2382,Viswanathan Anand,IN,Oct 2012,21
2383,Viswanathan Anand,IN,Nov 2012,12
2384,Viswanathan Anand,IN,Dec 2012,13
2385,Viswanathan Anand,IN,Jan 2013,12
2386,Viswanathan Anand,IN,Feb 2013,12
2387,Viswanathan Anand,IN,Mar 2013,9
2388,Viswanathan Anand,IN,Apr 2013,10
2389,Viswanathan Anand,IN,May 2013,9
2390,Viswanathan Anand,IN,Jun 2013,11
2391,Viswanathan Anand,IN,Jul 2013,13
2392,Viswanathan Anand,IN,Aug 2013,12
2393,Viswanathan Anand,IN,Sep 2013,12
2394,Viswanathan Anand,IN,Oct 2013,20
2395,Viswanathan Anand,IN,Nov 2013,100
2396,Viswanathan Anand,IN,Dec 2013,19
2397,Viswanathan Anand,IN,Jan 2014,14
2398,Viswanathan Anand,IN,Feb 2014,14
2399,Viswanathan Anand,IN,Mar 2014,16
2400,Viswanathan Anand,IN,Apr 2014,9
2401,Viswanathan Anand,IN,May 2014,7
2402,Viswanathan Anand,IN,Jun 2014,9
2403,Viswanathan Anand,IN,Jul 2014,10
2404,Viswanathan Anand,IN,Aug 2014,10
2405,Viswanathan Anand,IN,Sep 2014,9
2406,Viswanathan Anand,IN,Oct 2014,14
2407,Viswanathan Anand,IN,Nov 2014,60
2408,Viswanathan Anand,IN,Dec 2014,16
2409,Viswanathan Anand,IN,Jan 2015,13
2410,Viswanathan Anand,IN,Feb 2015,14
2411,Viswanathan Anand,IN,Mar 2015,9
2412,Viswanathan Anand,IN,Apr 2015,8
2413,Viswanathan Anand,IN,May 2015,6
2414,Viswanathan Anand,IN,Jun 2015,10
2415,Viswanathan Anand,IN,Jul 2015,8
2416,Viswanathan Anand,IN,Aug 2015,8
2417,Viswanathan Anand,IN,Sep 2015,9
2418,Viswanathan Anand,IN,Oct 2015,12
2419,Viswanathan Anand,IN,Nov 2015,7
2420,Viswanathan Anand,IN,Dec 2015,9
2421,Viswanathan Anand,IN,Jan 2016,7
2422,Viswanathan Anand,IN,Feb 2016,7
2423,Viswanathan Anand,IN,Mar 2016,7
2424,Viswanathan Anand,IN,Apr 2016,4
2425,Viswanathan Anand,IN,May 2016,3
2426,Viswanathan Anand,IN,Jun 2016,6
2427,Viswanathan Anand,IN,Jul 2016,6
2428,Viswanathan Anand,IN,Aug 2016,6
2429,Viswanathan Anand,IN,Sep 2016,5
2430,Viswanathan Anand,IN,Oct 2016,7
2431,Viswanathan Anand,IN,Nov 2016,6
2432,Viswanathan Anand,IN,Dec 2016,6
2433,Viswanathan Anand,IN,Jan 2017,6
2434,Viswanathan Anand,IN,Feb 2017,5
2435,Viswanathan Anand,IN,Mar 2017,4
2436,Viswanathan Anand,IN,Apr 2017,2
2437,Viswanathan Anand,IN,May 2017,3
2438,Viswanathan Anand,IN,Jun 2017,4
2439,Viswanathan Anand,IN,Jul 2017,5
2440,Viswanathan Anand,IN,Aug 2017,5
2441,Viswanathan Anand,IN,Sep 2017,6
2442,Viswanathan Anand,IN,Oct 2017,8
2443,Viswanathan Anand,IN,Nov 2017,5
2444,Viswanathan Anand,IN,Dec 2017,10
2445,Viswanathan Anand,IN,Jan 2018,8
2446,Viswanathan Anand,IN,Feb 2018,5
2447,Viswanathan Anand,IN,Mar 2018,4
2448,Viswanathan Anand,IN,Apr 2018,3
2449,Viswanathan Anand,IN,May 2018,3
2450,Viswanathan Anand,IN,Jun 2018,5
2451,Viswanathan Anand,IN,Jul 2018,6
2452,Viswanathan Anand,IN,Aug 2018,5
2453,Viswanathan Anand,IN,Sep 2018,5
2454,Viswanathan Anand,IN,Oct 2018,7
2455,Viswanathan Anand,IN,Nov 2018,6
2456,Viswanathan Anand,IN,Dec 2018,5
2457,Viswanathan Anand,IN,Jan 2019,6
2458,Viswanathan Anand,IN,Feb 2019,5
2459,Viswanathan Anand,IN,Mar 2019,3
2460,Viswanathan Anand,IN,Apr 2019,2
2461,Viswanathan Anand,IN,May 2019,3
2462,Viswanathan Anand,IN,Jun 2019,3
2463,Viswanathan Anand,IN,Jul 2019,4
2464,Viswanathan Anand,IN,Aug 2019,4
2465,Viswanathan Anand,IN,Sep 2019,4
2466,Viswanathan Anand,IN,Oct 2019,4
2467,Viswanathan Anand,IN,Nov 2019,5
2468,Viswanathan Anand,IN,Dec 2019,8
2469,Viswanathan Anand,IN,Jan 2020,5
2470,Viswanathan Anand,IN,Feb 2020,4
2471,Viswanathan Anand,IN,Mar 2020,3
2472,Viswanathan Anand,IN,Apr 2020,6
2473,Viswanathan Anand,IN,May 2020,27
2474,Viswanathan Anand,IN,Jun 2020,24
2475,Viswanathan Anand,IN,Jul 2020,5
2476,Viswanathan Anand,IN,Aug 2020,8
2477,Viswanathan Anand,IN,Sep 2020,5
2478,Viswanathan Anand,IN,Oct 2020,3
2479,Viswanathan Anand,IN,Nov 2020,5
2480,Viswanathan Anand,IN,Dec 2020,7
2481,Viswanathan Anand,IN,Jan 2021,6
2482,Viswanathan Anand,IN,Feb 2021,7
2483,Viswanathan Anand,IN,Mar 2021,6
2484,Viswanathan Anand,IN,Apr 2021,5
2485,Viswanathan Anand,IN,May 2021,10
2486,Viswanathan Anand,IN,Jun 2021,13
2487,Viswanathan Anand,IN,Jul 2021,8
2488,Viswanathan Anand,IN,Aug 2021,6
2489,Viswanathan Anand,IN,Sep 2021,12
2490,Viswanathan Anand,IN,Oct 2021,4
2491,Viswanathan Anand,IN,Nov 2021,5
2492,Viswanathan Anand,IN,Dec 2021,6
2493,Viswanathan Anand,IN,Jan 2022,7
2494,Viswanathan Anand,IN,Feb 2022,8
2495,Viswanathan Anand,IN,Mar 2022,5
2496,Viswanathan Anand,IN,Apr 2022,4
2497,Viswanathan Anand,IN,May 2022,4
2498,Viswanathan Anand,IN,Jun 2022,7
2499,Viswanathan Anand,IN,Jul 2022,8
2500,Viswanathan Anand,IN,Aug 2022,9
2501,Viswanathan Anand,IN,Sep 2022,5
2502,Viswanathan Anand,IN,Oct 2022,9
2503,Viswanathan Anand,IN,Nov 2022,4
2504,Viswanathan Anand,IN,Dec 2022,5
2505,Viswanathan Anand,IN,Jan 2023,6
2506,Viswanathan Anand,IN,Feb 2023,5
2507,Viswanathan Anand,IN,Mar 2023,3
2508,Viswanathan Anand,IN,Apr 2023,3
2509,Viswanathan Anand,IN,May 2023,3
2510,Viswanathan Anand,IN,Jun 2023,4
2511,Viswanathan Anand,IN,Jul 2023,5
2512,Viswanathan Anand,IN,Aug 2023,18
2513,Viswanathan Anand,IN,Sep 2023,8
2514,Viswanathan Anand,IN,Oct 2023,4
2515,Viswanathan Anand,IN,Nov 2023,4
2516,Viswanathan Anand,IN,Dec 2023,4
2517,Viswanathan Anand,IN,Jan 2024,6
2518,Viswanathan Anand,IN,Feb 2024,5
2519,Viswanathan Anand,IN,Mar 2024,4
2520,Viswanathan Anand,IN,Apr 2024,5
2521,Viswanathan Anand,IN,May 2024,4
2522,Viswanathan Anand,IN,Jun 2024,6
2523,Viswanathan Anand,IN,Jul 2024,4
2524,Viswanathan Anand,IN,Aug 2024,4
2525,Viswanathan Anand,IN,Sep 2024,8
2526,Viswanathan Anand,IN,Oct 2024,4
2527,Viswanathan Anand,IN,Nov 2024,3
2528,Viswanathan Anand,IN,Dec 2024,18
2529,Viswanathan Anand,IN,Jan 2025,13
